id,numero_da_amostra,tipo_da_forma_de_abastecimento,ano,mes,data_da_coleta,area,zona,latitude,longitude,parametro,resultado,procedencia_da_coleta,ponto_de_coleta
1,250104000556,SAA,2025,3,2025-03-27,MASSARANDUBA,Urbana,-12.9253958,-38.5019419,Escherichia coli,AUSENTE,SISTEMA DE DISTRIBUIÇÃO,Cavalete/Hidrômetro
2,250104000551,SAA,2025,3,2025-03-27,SETE PORTAS,Urbana,-12.9686314,-38.4967082,Escherichia coli,AUSENTE,SISTEMA DE DISTRIBUIÇÃO,Cavalete/Hidrômetro
3,250104000531,SAA,2025,3,2025-03-26,PIRAJA,Urbana,-12.8983029,-38.4584337,Escherichia coli,AUSENTE,SISTEMA DE DISTRIBUIÇÃO,Reservatório de distribuição
4,250104000517,SAA,2025,3,2025-03-25,BOCA DO RIO,Urbana,-12.9786105,-38.4322751,Escherichia coli,AUSENTE,SISTEMA DE DISTRIBUIÇÃO,Cavalete/Hidrômetro
5,250104000525,SAA,2025,3,2025-03-26,FAZENDA GRANDE DO RETIRO,Urbana,-12.9474788,-38.4816556,Escherichia coli,AUSENTE,SISTEMA DE DISTRIBUIÇÃO,Cavalete/Hidrômetro
6,250104000544,SAA,2025,3,2025-03-27,CAMPINAS DE BROTAS,Urbana,-12.9809882,-38.4786879,Escherichia coli,AUSENTE,SISTEMA DE DISTRIBUIÇÃO,Cavalete/Hidrômetro
7,250104000561,SAA,2025,3,2025-03-27,MONTE SERRAT,Urbana,-12.9293799,-38.5164245,Escherichia coli,AUSENTE,SISTEMA DE DISTRIBUIÇÃO,Cavalete/Hidrômetro
8,250104000564,SAA,2025,3,2025-03-31,FEDERACAO,Urbana,-12.9975004,-38.5127773,Escherichia coli,PRESENTE,SISTEMA DE DISTRIBUIÇÃO,Cavalete/Hidrômetro
9,250104000536,SAA,2025,3,2025-03-26,AGUAS CLARAS,Urbana,-12.8937081,-38.440751,Escherichia coli,AUSENTE,SISTEMA DE DISTRIBUIÇÃO,Cavalete/Hidrômetro
10,250104000541,SAA,2025,3,2025-03-26,CAJAZEIRAS,Urbana,-12.890687,-38.4088068,Escherichia coli,AUSENTE,SISTEMA DE DISTRIBUIÇÃO,Cavalete/Hidrômetro
11,250104000538,SAA,2025,3,2025-03-26,CAJAZEIRAS,Urbana,-12.8865546,-38.419571,Escherichia coli,AUSENTE,SISTEMA DE DISTRIBUIÇÃO,Cavalete/Hidrômetro
12,250104000523,SAA,2025,3,2025-03-25,COSTA AZUL,Urbana,-12.9852244,-38.4374353,Escherichia coli,AUSENTE,SISTEMA DE DISTRIBUIÇÃO,Cavalete/Hidrômetro
13,250104000518,SAA,2025,3,2025-03-25,IMBUI,Urbana,-12.9695384,-38.4323755,Escherichia coli,AUSENTE,SISTEMA DE DISTRIBUIÇÃO,Cavalete/Hidrômetro
14,250104000516,SAA,2025,3,2025-03-25,BOCA DO RIO,Urbana,-12.9797437,-38.436922,Escherichia coli,AUSENTE,SISTEMA DE DISTRIBUIÇÃO,Cavalete/Hidrômetro
15,250104000513,SAA,2025,3,2025-03-25,PARALELA,Urbana,-12.9565084,-38.4291786,Escherichia coli,AUSENTE,SISTEMA DE DISTRIBUIÇÃO,Cavalete/Hidrômetro
16,250104000511,SAA,2025,3,2025-03-25,SANTA CRUZ,Urbana,-13.0036119,-38.4785485,Escherichia coli,AUSENTE,SISTEMA DE DISTRIBUIÇÃO,Cavalete/Hidrômetro
17,250104000530,SAA,2025,3,2025-03-26,SAO CAETANO,Urbana,-12.9368449,-38.4886624,Escherichia coli,AUSENTE,SISTEMA DE DISTRIBUIÇÃO,Cavalete/Hidrômetro
18,250104000540,SAA,2025,3,2025-03-26,CAJAZEIRAS,Urbana,-12.8969197,-38.405897,Escherichia coli,AUSENTE,SISTEMA DE DISTRIBUIÇÃO,Cavalete/Hidrômetro
19,250104000534,SAA,2025,3,2025-03-26,VALERIA,Urbana,-12.8730556,-38.4352778,Escherichia coli,AUSENTE,SISTEMA DE DISTRIBUIÇÃO,Cavalete/Hidrômetro
20,250104000533,SAA,2025,3,2025-03-26,VALERIA,Urbana,-12.8792686,-38.4385021,Escherichia coli,AUSENTE,SISTEMA DE DISTRIBUIÇÃO,Cavalete/Hidrômetro
21,250104000521,SAA,2025,3,2025-03-25,BOCA DO RIO,Urbana,-12.9735981,-38.4259731,Escherichia coli,AUSENTE,ESTAÇÃO DE TRATAMENTO DE ÁGUA,Saída de tratamento/pós-desinfecção
22,250104000560,SAA,2025,3,2025-03-27,MONTE SERRAT,Urbana,-12.9576787,-38.4968458,Escherichia coli,AUSENTE,SISTEMA DE DISTRIBUIÇÃO,Cavalete/Hidrômetro
23,250104000550,SAA,2025,3,2025-03-27,LUIS ANSELMO,Urbana,-12.9754055,-38.4870492,Escherichia coli,AUSENTE,SISTEMA DE DISTRIBUIÇÃO,Cavalete/Hidrômetro
24,250104000524,SAA,2025,3,2025-03-26,FAZENDA GRANDE DO RETIRO,Urbana,-12.9483085,-38.4790421,Escherichia coli,AUSENTE,SISTEMA DE DISTRIBUIÇÃO,Cavalete/Hidrômetro
25,250104000545,SAA,2025,3,2025-03-27,BROTAS,Urbana,-12.9907486,-38.485112,Escherichia coli,AUSENTE,SISTEMA DE DISTRIBUIÇÃO,Cavalete/Hidrômetro
26,250104000542,SAA,2025,3,2025-03-26,CAJAZEIRAS,Urbana,-12.881804,-38.4111157,Escherichia coli,AUSENTE,SISTEMA DE DISTRIBUIÇÃO,Cavalete/Hidrômetro
27,250104000515,SAA,2025,3,2025-03-25,BOCA DO RIO,Urbana,-12.9737117,-38.4324085,Escherichia coli,AUSENTE,SISTEMA DE DISTRIBUIÇÃO,Cavalete/Hidrômetro
28,250104000514,SAA,2025,3,2025-03-25,PARALELA,Urbana,-12.9514076,-38.4297578,Escherichia coli,AUSENTE,SISTEMA DE DISTRIBUIÇÃO,Cavalete/Hidrômetro
29,250104000557,SAA,2025,3,2025-03-27,RIBEIRA,Urbana,-12.9161779,-38.4973911,Escherichia coli,AUSENTE,SISTEMA DE DISTRIBUIÇÃO,Cavalete/Hidrômetro
30,250104000535,SAA,2025,3,2025-03-26,AGUAS CLARAS,Urbana,-12.8937081,-38.440751,Escherichia coli,AUSENTE,SISTEMA DE DISTRIBUIÇÃO,Reservatório de distribuição
31,250104000519,SAA,2025,3,2025-03-25,JARDIM ARMAÇÃO,Urbana,-12.9963548,-38.4497756,Escherichia coli,AUSENTE,SISTEMA DE DISTRIBUIÇÃO,Cavalete/Hidrômetro
32,250104000555,SAA,2025,3,2025-03-27,MASSARANDUBA,Urbana,-12.9282909,-38.497982,Escherichia coli,AUSENTE,SISTEMA DE DISTRIBUIÇÃO,Cavalete/Hidrômetro
33,250104000558,SAA,2025,3,2025-03-27,BONFIM,Urbana,-12.9223068,-38.5085944,Escherichia coli,AUSENTE,SISTEMA DE DISTRIBUIÇÃO,Cavalete/Hidrômetro
34,250104000527,SAA,2025,3,2025-03-26,FAZENDA GRANDE DO RETIRO,Urbana,-12.941824,-38.4830356,Escherichia coli,AUSENTE,SISTEMA DE DISTRIBUIÇÃO,Cavalete/Hidrômetro
35,250104000552,SAA,2025,3,2025-03-27,VASCO DA GAMA,Urbana,-12.9916326,-38.5020801,Escherichia coli,AUSENTE,SISTEMA DE DISTRIBUIÇÃO,Cavalete/Hidrômetro
36,250104000520,SAA,2025,3,2025-03-25,BOCA DO RIO,Urbana,-12.9735981,-38.4259731,Escherichia coli,AUSENTE,ESTAÇÃO DE TRATAMENTO DE ÁGUA,Saída de tratamento/pós-desinfecção
37,250104000548,SAA,2025,3,2025-03-27,COSME DE FARIAS,Urbana,-12.9811113,-38.4887994,Escherichia coli,AUSENTE,SISTEMA DE DISTRIBUIÇÃO,Cavalete/Hidrômetro
38,250104000537,SAA,2025,3,2025-03-26,AGUAS CLARAS,Urbana,-12.8887609,-38.4208856,Escherichia coli,AUSENTE,SISTEMA DE DISTRIBUIÇÃO,Cavalete/Hidrômetro
39,250104000539,SAA,2025,3,2025-03-26,CAJAZEIRAS,Urbana,-12.8979121,-38.4129377,Escherichia coli,AUSENTE,SISTEMA DE DISTRIBUIÇÃO,Cavalete/Hidrômetro
40,250104000547,SAA,2025,3,2025-03-27,BROTAS,Urbana,-12.9810131,-38.5005866,Escherichia coli,AUSENTE,SISTEMA DE DISTRIBUIÇÃO,Cavalete/Hidrômetro
41,250104000510,SAA,2025,3,2025-03-25,RIO VERMELHO,Urbana,-12.99692,-38.47755,Escherichia coli,AUSENTE,SISTEMA DE DISTRIBUIÇÃO,Cavalete/Hidrômetro
42,250104000543,SAA,2025,3,2025-03-27,CAMPINAS DE BROTAS,Urbana,-12.9822708,-38.4778317,Escherichia coli,AUSENTE,SISTEMA DE DISTRIBUIÇÃO,Reservatório de distribuição
43,250104000522,SAA,2025,3,2025-03-25,STIEP,Urbana,-12.9802634,-38.4491574,Escherichia coli,AUSENTE,SISTEMA DE DISTRIBUIÇÃO,Cavalete/Hidrômetro
44,250104000559,SAA,2025,3,2025-03-27,BONFIM,Urbana,-12.9245802,-38.5105627,Escherichia coli,AUSENTE,SISTEMA DE DISTRIBUIÇÃO,Cavalete/Hidrômetro
45,250104000549,SAA,2025,3,2025-03-27,MATATU,Urbana,-12.9771454,-38.4951725,Escherichia coli,AUSENTE,SISTEMA DE DISTRIBUIÇÃO,Reservatório de distribuição
46,250104000526,SAA,2025,3,2025-03-26,FAZENDA GRANDE DO RETIRO,Urbana,-12.9497186,-38.4784136,Escherichia coli,AUSENTE,SISTEMA DE DISTRIBUIÇÃO,Cavalete/Hidrômetro
47,250104000546,SAA,2025,3,2025-03-27,DANIEL LISBOA,Urbana,-12.9852761,-38.488064,Escherichia coli,AUSENTE,SISTEMA DE DISTRIBUIÇÃO,Cavalete/Hidrômetro
48,250104000563,SAA,2025,3,2025-03-27,CAMINHO DE AREIA,Urbana,-12.9299165,-38.5055196,Escherichia coli,AUSENTE,SISTEMA DE DISTRIBUIÇÃO,Cavalete/Hidrômetro
49,250104000535,SAA,2025,3,2025-03-26,AGUAS CLARAS,Urbana,-12.8937081,-38.440751,Turbidez (uT),"0,02",SISTEMA DE DISTRIBUIÇÃO,Reservatório de distribuição
50,250104000530,SAA,2025,3,2025-03-26,SAO CAETANO,Urbana,-12.9368449,-38.4886624,Turbidez (uT),"0,02",SISTEMA DE DISTRIBUIÇÃO,Cavalete/Hidrômetro
51,250104000546,SAA,2025,3,2025-03-27,DANIEL LISBOA,Urbana,-12.9852761,-38.488064,Turbidez (uT),"0,02",SISTEMA DE DISTRIBUIÇÃO,Cavalete/Hidrômetro
52,250104000533,SAA,2025,3,2025-03-26,VALERIA,Urbana,-12.8792686,-38.4385021,Turbidez (uT),"0,02",SISTEMA DE DISTRIBUIÇÃO,Cavalete/Hidrômetro
53,250104000520,SAA,2025,3,2025-03-25,BOCA DO RIO,Urbana,-12.9735981,-38.4259731,Turbidez (uT),"0,02",ESTAÇÃO DE TRATAMENTO DE ÁGUA,Saída de tratamento/pós-desinfecção
54,250104000558,SAA,2025,3,2025-03-27,BONFIM,Urbana,-12.9223068,-38.5085944,Turbidez (uT),"0,02",SISTEMA DE DISTRIBUIÇÃO,Cavalete/Hidrômetro
55,250104000536,SAA,2025,3,2025-03-26,AGUAS CLARAS,Urbana,-12.8937081,-38.440751,Turbidez (uT),"0,02",SISTEMA DE DISTRIBUIÇÃO,Cavalete/Hidrômetro
56,250104000547,SAA,2025,3,2025-03-27,BROTAS,Urbana,-12.9810131,-38.5005866,Turbidez (uT),"0,02",SISTEMA DE DISTRIBUIÇÃO,Cavalete/Hidrômetro
57,250104000519,SAA,2025,3,2025-03-25,JARDIM ARMAÇÃO,Urbana,-12.9963548,-38.4497756,Turbidez (uT),"0,02",SISTEMA DE DISTRIBUIÇÃO,Cavalete/Hidrômetro
58,250104000545,SAA,2025,3,2025-03-27,BROTAS,Urbana,-12.9907486,-38.485112,Turbidez (uT),"0,02",SISTEMA DE DISTRIBUIÇÃO,Cavalete/Hidrômetro
59,250104000526,SAA,2025,3,2025-03-26,FAZENDA GRANDE DO RETIRO,Urbana,-12.9497186,-38.4784136,Turbidez (uT),"0,02",SISTEMA DE DISTRIBUIÇÃO,Cavalete/Hidrômetro
60,250104000511,SAA,2025,3,2025-03-25,SANTA CRUZ,Urbana,-13.0036119,-38.4785485,Turbidez (uT),"0,02",SISTEMA DE DISTRIBUIÇÃO,Cavalete/Hidrômetro
61,250104000563,SAA,2025,3,2025-03-27,CAMINHO DE AREIA,Urbana,-12.9299165,-38.5055196,Turbidez (uT),"0,02",SISTEMA DE DISTRIBUIÇÃO,Cavalete/Hidrômetro
62,250104000550,SAA,2025,3,2025-03-27,LUIS ANSELMO,Urbana,-12.9754055,-38.4870492,Turbidez (uT),"0,02",SISTEMA DE DISTRIBUIÇÃO,Cavalete/Hidrômetro
63,250104000541,SAA,2025,3,2025-03-26,CAJAZEIRAS,Urbana,-12.890687,-38.4088068,Turbidez (uT),"0,02",SISTEMA DE DISTRIBUIÇÃO,Cavalete/Hidrômetro
64,250104000522,SAA,2025,3,2025-03-25,STIEP,Urbana,-12.9802634,-38.4491574,Turbidez (uT),"0,02",SISTEMA DE DISTRIBUIÇÃO,Cavalete/Hidrômetro
65,250104000527,SAA,2025,3,2025-03-26,FAZENDA GRANDE DO RETIRO,Urbana,-12.941824,-38.4830356,Turbidez (uT),"0,02",SISTEMA DE DISTRIBUIÇÃO,Cavalete/Hidrômetro
66,250104000523,SAA,2025,3,2025-03-25,COSTA AZUL,Urbana,-12.9852244,-38.4374353,Turbidez (uT),"0,02",SISTEMA DE DISTRIBUIÇÃO,Cavalete/Hidrômetro
67,250104000521,SAA,2025,3,2025-03-25,BOCA DO RIO,Urbana,-12.9735981,-38.4259731,Turbidez (uT),"0,02",ESTAÇÃO DE TRATAMENTO DE ÁGUA,Saída de tratamento/pós-desinfecção
68,250104000544,SAA,2025,3,2025-03-27,CAMPINAS DE BROTAS,Urbana,-12.9809882,-38.4786879,Turbidez (uT),"0,02",SISTEMA DE DISTRIBUIÇÃO,Cavalete/Hidrômetro
69,250104000555,SAA,2025,3,2025-03-27,MASSARANDUBA,Urbana,-12.9282909,-38.497982,Turbidez (uT),"0,02",SISTEMA DE DISTRIBUIÇÃO,Cavalete/Hidrômetro
70,250104000549,SAA,2025,3,2025-03-27,MATATU,Urbana,-12.9771454,-38.4951725,Turbidez (uT),"0,02",SISTEMA DE DISTRIBUIÇÃO,Reservatório de distribuição
71,250104000534,SAA,2025,3,2025-03-26,VALERIA,Urbana,-12.8730556,-38.4352778,Turbidez (uT),"0,02",SISTEMA DE DISTRIBUIÇÃO,Cavalete/Hidrômetro
72,250104000561,SAA,2025,3,2025-03-27,MONTE SERRAT,Urbana,-12.9293799,-38.5164245,Turbidez (uT),"0,02",SISTEMA DE DISTRIBUIÇÃO,Cavalete/Hidrômetro
73,250104000524,SAA,2025,3,2025-03-26,FAZENDA GRANDE DO RETIRO,Urbana,-12.9483085,-38.4790421,Turbidez (uT),"0,02",SISTEMA DE DISTRIBUIÇÃO,Cavalete/Hidrômetro
74,250104000559,SAA,2025,3,2025-03-27,BONFIM,Urbana,-12.9245802,-38.5105627,Turbidez (uT),"0,02",SISTEMA DE DISTRIBUIÇÃO,Cavalete/Hidrômetro
75,250104000517,SAA,2025,3,2025-03-25,BOCA DO RIO,Urbana,-12.9786105,-38.4322751,Turbidez (uT),"0,02",SISTEMA DE DISTRIBUIÇÃO,Cavalete/Hidrômetro
76,250104000552,SAA,2025,3,2025-03-27,VASCO DA GAMA,Urbana,-12.9916326,-38.5020801,Turbidez (uT),"0,02",SISTEMA DE DISTRIBUIÇÃO,Cavalete/Hidrômetro
77,250104000540,SAA,2025,3,2025-03-26,CAJAZEIRAS,Urbana,-12.8969197,-38.405897,Turbidez (uT),"0,02",SISTEMA DE DISTRIBUIÇÃO,Cavalete/Hidrômetro
78,250104000543,SAA,2025,3,2025-03-27,CAMPINAS DE BROTAS,Urbana,-12.9822708,-38.4778317,Turbidez (uT),"0,02",SISTEMA DE DISTRIBUIÇÃO,Reservatório de distribuição
79,250104000537,SAA,2025,3,2025-03-26,AGUAS CLARAS,Urbana,-12.8887609,-38.4208856,Turbidez (uT),"0,02",SISTEMA DE DISTRIBUIÇÃO,Cavalete/Hidrômetro
80,250104000513,SAA,2025,3,2025-03-25,PARALELA,Urbana,-12.9565084,-38.4291786,Turbidez (uT),"0,02",SISTEMA DE DISTRIBUIÇÃO,Cavalete/Hidrômetro
81,250104000551,SAA,2025,3,2025-03-27,SETE PORTAS,Urbana,-12.9686314,-38.4967082,Turbidez (uT),"0,02",SISTEMA DE DISTRIBUIÇÃO,Cavalete/Hidrômetro
82,250104000556,SAA,2025,3,2025-03-27,MASSARANDUBA,Urbana,-12.9253958,-38.5019419,Turbidez (uT),"0,02",SISTEMA DE DISTRIBUIÇÃO,Cavalete/Hidrômetro
83,250104000525,SAA,2025,3,2025-03-26,FAZENDA GRANDE DO RETIRO,Urbana,-12.9474788,-38.4816556,Turbidez (uT),"0,02",SISTEMA DE DISTRIBUIÇÃO,Cavalete/Hidrômetro
84,250104000542,SAA,2025,3,2025-03-26,CAJAZEIRAS,Urbana,-12.881804,-38.4111157,Turbidez (uT),"0,02",SISTEMA DE DISTRIBUIÇÃO,Cavalete/Hidrômetro
85,250104000557,SAA,2025,3,2025-03-27,RIBEIRA,Urbana,-12.9161779,-38.4973911,Turbidez (uT),"0,02",SISTEMA DE DISTRIBUIÇÃO,Cavalete/Hidrômetro
86,250104000516,SAA,2025,3,2025-03-25,BOCA DO RIO,Urbana,-12.9797437,-38.436922,Turbidez (uT),"0,02",SISTEMA DE DISTRIBUIÇÃO,Cavalete/Hidrômetro
87,250104000515,SAA,2025,3,2025-03-25,BOCA DO RIO,Urbana,-12.9737117,-38.4324085,Turbidez (uT),"0,02",SISTEMA DE DISTRIBUIÇÃO,Cavalete/Hidrômetro
88,250104000539,SAA,2025,3,2025-03-26,CAJAZEIRAS,Urbana,-12.8979121,-38.4129377,Turbidez (uT),"0,02",SISTEMA DE DISTRIBUIÇÃO,Cavalete/Hidrômetro
89,250104000531,SAA,2025,3,2025-03-26,PIRAJA,Urbana,-12.8983029,-38.4584337,Turbidez (uT),"0,02",SISTEMA DE DISTRIBUIÇÃO,Reservatório de distribuição
90,250104000514,SAA,2025,3,2025-03-25,PARALELA,Urbana,-12.9514076,-38.4297578,Turbidez (uT),"0,02",SISTEMA DE DISTRIBUIÇÃO,Cavalete/Hidrômetro
91,250104000510,SAA,2025,3,2025-03-25,RIO VERMELHO,Urbana,-12.99692,-38.47755,Turbidez (uT),"0,02",SISTEMA DE DISTRIBUIÇÃO,Cavalete/Hidrômetro
92,250104000560,SAA,2025,3,2025-03-27,MONTE SERRAT,Urbana,-12.9576787,-38.4968458,Turbidez (uT),"0,02",SISTEMA DE DISTRIBUIÇÃO,Cavalete/Hidrômetro
93,250104000548,SAA,2025,3,2025-03-27,COSME DE FARIAS,Urbana,-12.9811113,-38.4887994,Turbidez (uT),"0,02",SISTEMA DE DISTRIBUIÇÃO,Cavalete/Hidrômetro
94,250104000518,SAA,2025,3,2025-03-25,IMBUI,Urbana,-12.9695384,-38.4323755,Turbidez (uT),"0,02",SISTEMA DE DISTRIBUIÇÃO,Cavalete/Hidrômetro
95,250104000538,SAA,2025,3,2025-03-26,CAJAZEIRAS,Urbana,-12.8865546,-38.419571,Turbidez (uT),"0,02",SISTEMA DE DISTRIBUIÇÃO,Cavalete/Hidrômetro
96,250104000564,SAA,2025,3,2025-03-31,FEDERACAO,Urbana,-12.9975004,-38.5127773,Turbidez (uT),"0,02",SISTEMA DE DISTRIBUIÇÃO,Cavalete/Hidrômetro
97,250104000544,SAA,2025,3,2025-03-27,CAMPINAS DE BROTAS,Urbana,-12.9809882,-38.4786879,Cloro residual livre (mg/L),"1,93",SISTEMA DE DISTRIBUIÇÃO,Cavalete/Hidrômetro
98,250104000536,SAA,2025,3,2025-03-26,AGUAS CLARAS,Urbana,-12.8937081,-38.440751,Cloro residual livre (mg/L),"4,24",SISTEMA DE DISTRIBUIÇÃO,Cavalete/Hidrômetro
99,250104000551,SAA,2025,3,2025-03-27,SETE PORTAS,Urbana,-12.9686314,-38.4967082,Cloro residual livre (mg/L),"1,67",SISTEMA DE DISTRIBUIÇÃO,Cavalete/Hidrômetro
100,250104000537,SAA,2025,3,2025-03-26,AGUAS CLARAS,Urbana,-12.8887609,-38.4208856,Cloro residual livre (mg/L),"0,66",SISTEMA DE DISTRIBUIÇÃO,Cavalete/Hidrômetro
101,250104000530,SAA,2025,3,2025-03-26,SAO CAETANO,Urbana,-12.9368449,-38.4886624,Cloro residual livre (mg/L),"1,90",SISTEMA DE DISTRIBUIÇÃO,Cavalete/Hidrômetro
102,250104000524,SAA,2025,3,2025-03-26,FAZENDA GRANDE DO RETIRO,Urbana,-12.9483085,-38.4790421,Cloro residual livre (mg/L),"1,65",SISTEMA DE DISTRIBUIÇÃO,Cavalete/Hidrômetro
103,250104000513,SAA,2025,3,2025-03-25,PARALELA,Urbana,-12.9565084,-38.4291786,Cloro residual livre (mg/L),"0,82",SISTEMA DE DISTRIBUIÇÃO,Cavalete/Hidrômetro
104,250104000546,SAA,2025,3,2025-03-27,DANIEL LISBOA,Urbana,-12.9852761,-38.488064,Cloro residual livre (mg/L),"3,59",SISTEMA DE DISTRIBUIÇÃO,Cavalete/Hidrômetro
105,250104000523,SAA,2025,3,2025-03-25,COSTA AZUL,Urbana,-12.9852244,-38.4374353,Cloro residual livre (mg/L),"2,17",SISTEMA DE DISTRIBUIÇÃO,Cavalete/Hidrômetro
106,250104000552,SAA,2025,3,2025-03-27,VASCO DA GAMA,Urbana,-12.9916326,-38.5020801,Cloro residual livre (mg/L),"1,39",SISTEMA DE DISTRIBUIÇÃO,Cavalete/Hidrômetro
107,250104000541,SAA,2025,3,2025-03-26,CAJAZEIRAS,Urbana,-12.890687,-38.4088068,Cloro residual livre (mg/L),"3,28",SISTEMA DE DISTRIBUIÇÃO,Cavalete/Hidrômetro
108,250104000563,SAA,2025,3,2025-03-27,CAMINHO DE AREIA,Urbana,-12.9299165,-38.5055196,Cloro residual livre (mg/L),"2,61",SISTEMA DE DISTRIBUIÇÃO,Cavalete/Hidrômetro
109,250104000548,SAA,2025,3,2025-03-27,COSME DE FARIAS,Urbana,-12.9811113,-38.4887994,Cloro residual livre (mg/L),"2,11",SISTEMA DE DISTRIBUIÇÃO,Cavalete/Hidrômetro
110,250104000514,SAA,2025,3,2025-03-25,PARALELA,Urbana,-12.9514076,-38.4297578,Cloro residual livre (mg/L),"2,92",SISTEMA DE DISTRIBUIÇÃO,Cavalete/Hidrômetro
111,250104000526,SAA,2025,3,2025-03-26,FAZENDA GRANDE DO RETIRO,Urbana,-12.9497186,-38.4784136,Cloro residual livre (mg/L),"1,50",SISTEMA DE DISTRIBUIÇÃO,Cavalete/Hidrômetro
112,250104000543,SAA,2025,3,2025-03-27,CAMPINAS DE BROTAS,Urbana,-12.9822708,-38.4778317,Cloro residual livre (mg/L),"2,14",SISTEMA DE DISTRIBUIÇÃO,Reservatório de distribuição
113,250104000511,SAA,2025,3,2025-03-25,SANTA CRUZ,Urbana,-13.0036119,-38.4785485,Cloro residual livre (mg/L),"0,19",SISTEMA DE DISTRIBUIÇÃO,Cavalete/Hidrômetro
114,250104000545,SAA,2025,3,2025-03-27,BROTAS,Urbana,-12.9907486,-38.485112,Cloro residual livre (mg/L),"0,86",SISTEMA DE DISTRIBUIÇÃO,Cavalete/Hidrômetro
115,250104000539,SAA,2025,3,2025-03-26,CAJAZEIRAS,Urbana,-12.8979121,-38.4129377,Cloro residual livre (mg/L),"2,89",SISTEMA DE DISTRIBUIÇÃO,Cavalete/Hidrômetro
116,250104000533,SAA,2025,3,2025-03-26,VALERIA,Urbana,-12.8792686,-38.4385021,Cloro residual livre (mg/L),"1,86",SISTEMA DE DISTRIBUIÇÃO,Cavalete/Hidrômetro
117,250104000516,SAA,2025,3,2025-03-25,BOCA DO RIO,Urbana,-12.9797437,-38.436922,Cloro residual livre (mg/L),"3,05",SISTEMA DE DISTRIBUIÇÃO,Cavalete/Hidrômetro
118,250104000542,SAA,2025,3,2025-03-26,CAJAZEIRAS,Urbana,-12.881804,-38.4111157,Cloro residual livre (mg/L),"3,80",SISTEMA DE DISTRIBUIÇÃO,Cavalete/Hidrômetro
119,250104000547,SAA,2025,3,2025-03-27,BROTAS,Urbana,-12.9810131,-38.5005866,Cloro residual livre (mg/L),"3,71",SISTEMA DE DISTRIBUIÇÃO,Cavalete/Hidrômetro
120,250104000535,SAA,2025,3,2025-03-26,AGUAS CLARAS,Urbana,-12.8937081,-38.440751,Cloro residual livre (mg/L),"3,68",SISTEMA DE DISTRIBUIÇÃO,Reservatório de distribuição
121,250104000519,SAA,2025,3,2025-03-25,JARDIM ARMAÇÃO,Urbana,-12.9963548,-38.4497756,Cloro residual livre (mg/L),"2,59",SISTEMA DE DISTRIBUIÇÃO,Cavalete/Hidrômetro
122,250104000560,SAA,2025,3,2025-03-27,MONTE SERRAT,Urbana,-12.9576787,-38.4968458,Cloro residual livre (mg/L),"3,25",SISTEMA DE DISTRIBUIÇÃO,Cavalete/Hidrômetro
123,250104000550,SAA,2025,3,2025-03-27,LUIS ANSELMO,Urbana,-12.9754055,-38.4870492,Cloro residual livre (mg/L),"2,41",SISTEMA DE DISTRIBUIÇÃO,Cavalete/Hidrômetro
124,250104000556,SAA,2025,3,2025-03-27,MASSARANDUBA,Urbana,-12.9253958,-38.5019419,Cloro residual livre (mg/L),"2,59",SISTEMA DE DISTRIBUIÇÃO,Cavalete/Hidrômetro
125,250104000540,SAA,2025,3,2025-03-26,CAJAZEIRAS,Urbana,-12.8969197,-38.405897,Cloro residual livre (mg/L),"2,86",SISTEMA DE DISTRIBUIÇÃO,Cavalete/Hidrômetro
126,250104000522,SAA,2025,3,2025-03-25,STIEP,Urbana,-12.9802634,-38.4491574,Cloro residual livre (mg/L),"2,41",SISTEMA DE DISTRIBUIÇÃO,Cavalete/Hidrômetro
127,250104000518,SAA,2025,3,2025-03-25,IMBUI,Urbana,-12.9695384,-38.4323755,Cloro residual livre (mg/L),"2,10",SISTEMA DE DISTRIBUIÇÃO,Cavalete/Hidrômetro
128,250104000534,SAA,2025,3,2025-03-26,VALERIA,Urbana,-12.8730556,-38.4352778,Cloro residual livre (mg/L),"2,12",SISTEMA DE DISTRIBUIÇÃO,Cavalete/Hidrômetro
129,250104000549,SAA,2025,3,2025-03-27,MATATU,Urbana,-12.9771454,-38.4951725,Cloro residual livre (mg/L),"2,16",SISTEMA DE DISTRIBUIÇÃO,Reservatório de distribuição
130,250104000517,SAA,2025,3,2025-03-25,BOCA DO RIO,Urbana,-12.9786105,-38.4322751,Cloro residual livre (mg/L),"2,30",SISTEMA DE DISTRIBUIÇÃO,Cavalete/Hidrômetro
131,250104000559,SAA,2025,3,2025-03-27,BONFIM,Urbana,-12.9245802,-38.5105627,Cloro residual livre (mg/L),"2,99",SISTEMA DE DISTRIBUIÇÃO,Cavalete/Hidrômetro
132,250104000531,SAA,2025,3,2025-03-26,PIRAJA,Urbana,-12.8983029,-38.4584337,Cloro residual livre (mg/L),"1,43",SISTEMA DE DISTRIBUIÇÃO,Reservatório de distribuição
133,250104000564,SAA,2025,3,2025-03-31,FEDERACAO,Urbana,-12.9975004,-38.5127773,Cloro residual livre (mg/L),"0,25",SISTEMA DE DISTRIBUIÇÃO,Cavalete/Hidrômetro
134,250104000557,SAA,2025,3,2025-03-27,RIBEIRA,Urbana,-12.9161779,-38.4973911,Cloro residual livre (mg/L),"2,46",SISTEMA DE DISTRIBUIÇÃO,Cavalete/Hidrômetro
135,250104000558,SAA,2025,3,2025-03-27,BONFIM,Urbana,-12.9223068,-38.5085944,Cloro residual livre (mg/L),"3,54",SISTEMA DE DISTRIBUIÇÃO,Cavalete/Hidrômetro
136,250104000527,SAA,2025,3,2025-03-26,FAZENDA GRANDE DO RETIRO,Urbana,-12.941824,-38.4830356,Cloro residual livre (mg/L),"1,76",SISTEMA DE DISTRIBUIÇÃO,Cavalete/Hidrômetro
137,250104000510,SAA,2025,3,2025-03-25,RIO VERMELHO,Urbana,-12.99692,-38.47755,Cloro residual livre (mg/L),"0,17",SISTEMA DE DISTRIBUIÇÃO,Cavalete/Hidrômetro
138,250104000555,SAA,2025,3,2025-03-27,MASSARANDUBA,Urbana,-12.9282909,-38.497982,Cloro residual livre (mg/L),"1,54",SISTEMA DE DISTRIBUIÇÃO,Cavalete/Hidrômetro
139,250104000538,SAA,2025,3,2025-03-26,CAJAZEIRAS,Urbana,-12.8865546,-38.419571,Cloro residual livre (mg/L),"1,97",SISTEMA DE DISTRIBUIÇÃO,Cavalete/Hidrômetro
140,250104000561,SAA,2025,3,2025-03-27,MONTE SERRAT,Urbana,-12.9293799,-38.5164245,Cloro residual livre (mg/L),"2,72",SISTEMA DE DISTRIBUIÇÃO,Cavalete/Hidrômetro
141,250104000521,SAA,2025,3,2025-03-25,BOCA DO RIO,Urbana,-12.9735981,-38.4259731,Cloro residual livre (mg/L),"3,00",ESTAÇÃO DE TRATAMENTO DE ÁGUA,Saída de tratamento/pós-desinfecção
142,250104000525,SAA,2025,3,2025-03-26,FAZENDA GRANDE DO RETIRO,Urbana,-12.9474788,-38.4816556,Cloro residual livre (mg/L),"1,58",SISTEMA DE DISTRIBUIÇÃO,Cavalete/Hidrômetro
143,250104000520,SAA,2025,3,2025-03-25,BOCA DO RIO,Urbana,-12.9735981,-38.4259731,Cloro residual livre (mg/L),"2,12",ESTAÇÃO DE TRATAMENTO DE ÁGUA,Saída de tratamento/pós-desinfecção
144,250104000515,SAA,2025,3,2025-03-25,BOCA DO RIO,Urbana,-12.9737117,-38.4324085,Cloro residual livre (mg/L),"2,77",SISTEMA DE DISTRIBUIÇÃO,Cavalete/Hidrômetro
145,250104000542,SAA,2025,3,2025-03-26,CAJAZEIRAS,Urbana,-12.881804,-38.4111157,Coliformes totais,AUSENTE,SISTEMA DE DISTRIBUIÇÃO,Cavalete/Hidrômetro
146,250104000534,SAA,2025,3,2025-03-26,VALERIA,Urbana,-12.8730556,-38.4352778,Coliformes totais,AUSENTE,SISTEMA DE DISTRIBUIÇÃO,Cavalete/Hidrômetro
147,250104000559,SAA,2025,3,2025-03-27,BONFIM,Urbana,-12.9245802,-38.5105627,Coliformes totais,AUSENTE,SISTEMA DE DISTRIBUIÇÃO,Cavalete/Hidrômetro
148,250104000535,SAA,2025,3,2025-03-26,AGUAS CLARAS,Urbana,-12.8937081,-38.440751,Coliformes totais,AUSENTE,SISTEMA DE DISTRIBUIÇÃO,Reservatório de distribuição
149,250104000551,SAA,2025,3,2025-03-27,SETE PORTAS,Urbana,-12.9686314,-38.4967082,Coliformes totais,AUSENTE,SISTEMA DE DISTRIBUIÇÃO,Cavalete/Hidrômetro
150,250104000519,SAA,2025,3,2025-03-25,JARDIM ARMAÇÃO,Urbana,-12.9963548,-38.4497756,Coliformes totais,AUSENTE,SISTEMA DE DISTRIBUIÇÃO,Cavalete/Hidrômetro
151,250104000558,SAA,2025,3,2025-03-27,BONFIM,Urbana,-12.9223068,-38.5085944,Coliformes totais,AUSENTE,SISTEMA DE DISTRIBUIÇÃO,Cavalete/Hidrômetro
152,250104000543,SAA,2025,3,2025-03-27,CAMPINAS DE BROTAS,Urbana,-12.9822708,-38.4778317,Coliformes totais,AUSENTE,SISTEMA DE DISTRIBUIÇÃO,Reservatório de distribuição
153,250104000545,SAA,2025,3,2025-03-27,BROTAS,Urbana,-12.9907486,-38.485112,Coliformes totais,AUSENTE,SISTEMA DE DISTRIBUIÇÃO,Cavalete/Hidrômetro
154,250104000537,SAA,2025,3,2025-03-26,AGUAS CLARAS,Urbana,-12.8887609,-38.4208856,Coliformes totais,AUSENTE,SISTEMA DE DISTRIBUIÇÃO,Cavalete/Hidrômetro
155,250104000540,SAA,2025,3,2025-03-26,CAJAZEIRAS,Urbana,-12.8969197,-38.405897,Coliformes totais,AUSENTE,SISTEMA DE DISTRIBUIÇÃO,Cavalete/Hidrômetro
156,250104000541,SAA,2025,3,2025-03-26,CAJAZEIRAS,Urbana,-12.890687,-38.4088068,Coliformes totais,AUSENTE,SISTEMA DE DISTRIBUIÇÃO,Cavalete/Hidrômetro
157,250104000530,SAA,2025,3,2025-03-26,SAO CAETANO,Urbana,-12.9368449,-38.4886624,Coliformes totais,AUSENTE,SISTEMA DE DISTRIBUIÇÃO,Cavalete/Hidrômetro
158,250104000522,SAA,2025,3,2025-03-25,STIEP,Urbana,-12.9802634,-38.4491574,Coliformes totais,AUSENTE,SISTEMA DE DISTRIBUIÇÃO,Cavalete/Hidrômetro
159,250104000516,SAA,2025,3,2025-03-25,BOCA DO RIO,Urbana,-12.9797437,-38.436922,Coliformes totais,AUSENTE,SISTEMA DE DISTRIBUIÇÃO,Cavalete/Hidrômetro
160,250104000544,SAA,2025,3,2025-03-27,CAMPINAS DE BROTAS,Urbana,-12.9809882,-38.4786879,Coliformes totais,AUSENTE,SISTEMA DE DISTRIBUIÇÃO,Cavalete/Hidrômetro
161,250104000546,SAA,2025,3,2025-03-27,DANIEL LISBOA,Urbana,-12.9852761,-38.488064,Coliformes totais,AUSENTE,SISTEMA DE DISTRIBUIÇÃO,Cavalete/Hidrômetro
162,250104000547,SAA,2025,3,2025-03-27,BROTAS,Urbana,-12.9810131,-38.5005866,Coliformes totais,AUSENTE,SISTEMA DE DISTRIBUIÇÃO,Cavalete/Hidrômetro
163,250104000533,SAA,2025,3,2025-03-26,VALERIA,Urbana,-12.8792686,-38.4385021,Coliformes totais,AUSENTE,SISTEMA DE DISTRIBUIÇÃO,Cavalete/Hidrômetro
164,250104000511,SAA,2025,3,2025-03-25,SANTA CRUZ,Urbana,-13.0036119,-38.4785485,Coliformes totais,AUSENTE,SISTEMA DE DISTRIBUIÇÃO,Cavalete/Hidrômetro
165,250104000514,SAA,2025,3,2025-03-25,PARALELA,Urbana,-12.9514076,-38.4297578,Coliformes totais,AUSENTE,SISTEMA DE DISTRIBUIÇÃO,Cavalete/Hidrômetro
166,250104000525,SAA,2025,3,2025-03-26,FAZENDA GRANDE DO RETIRO,Urbana,-12.9474788,-38.4816556,Coliformes totais,AUSENTE,SISTEMA DE DISTRIBUIÇÃO,Cavalete/Hidrômetro
167,250104000524,SAA,2025,3,2025-03-26,FAZENDA GRANDE DO RETIRO,Urbana,-12.9483085,-38.4790421,Coliformes totais,AUSENTE,SISTEMA DE DISTRIBUIÇÃO,Cavalete/Hidrômetro
168,250104000520,SAA,2025,3,2025-03-25,BOCA DO RIO,Urbana,-12.9735981,-38.4259731,Coliformes totais,AUSENTE,ESTAÇÃO DE TRATAMENTO DE ÁGUA,Saída de tratamento/pós-desinfecção
169,250104000564,SAA,2025,3,2025-03-31,FEDERACAO,Urbana,-12.9975004,-38.5127773,Coliformes totais,PRESENTE,SISTEMA DE DISTRIBUIÇÃO,Cavalete/Hidrômetro
170,250104000526,SAA,2025,3,2025-03-26,FAZENDA GRANDE DO RETIRO,Urbana,-12.9497186,-38.4784136,Coliformes totais,AUSENTE,SISTEMA DE DISTRIBUIÇÃO,Cavalete/Hidrômetro
171,250104000527,SAA,2025,3,2025-03-26,FAZENDA GRANDE DO RETIRO,Urbana,-12.941824,-38.4830356,Coliformes totais,AUSENTE,SISTEMA DE DISTRIBUIÇÃO,Cavalete/Hidrômetro
172,250104000555,SAA,2025,3,2025-03-27,MASSARANDUBA,Urbana,-12.9282909,-38.497982,Coliformes totais,AUSENTE,SISTEMA DE DISTRIBUIÇÃO,Cavalete/Hidrômetro
173,250104000510,SAA,2025,3,2025-03-25,RIO VERMELHO,Urbana,-12.99692,-38.47755,Coliformes totais,AUSENTE,SISTEMA DE DISTRIBUIÇÃO,Cavalete/Hidrômetro
174,250104000521,SAA,2025,3,2025-03-25,BOCA DO RIO,Urbana,-12.9735981,-38.4259731,Coliformes totais,AUSENTE,ESTAÇÃO DE TRATAMENTO DE ÁGUA,Saída de tratamento/pós-desinfecção
175,250104000552,SAA,2025,3,2025-03-27,VASCO DA GAMA,Urbana,-12.9916326,-38.5020801,Coliformes totais,AUSENTE,SISTEMA DE DISTRIBUIÇÃO,Cavalete/Hidrômetro
176,250104000518,SAA,2025,3,2025-03-25,IMBUI,Urbana,-12.9695384,-38.4323755,Coliformes totais,AUSENTE,SISTEMA DE DISTRIBUIÇÃO,Cavalete/Hidrômetro
177,250104000515,SAA,2025,3,2025-03-25,BOCA DO RIO,Urbana,-12.9737117,-38.4324085,Coliformes totais,AUSENTE,SISTEMA DE DISTRIBUIÇÃO,Cavalete/Hidrômetro
178,250104000550,SAA,2025,3,2025-03-27,LUIS ANSELMO,Urbana,-12.9754055,-38.4870492,Coliformes totais,AUSENTE,SISTEMA DE DISTRIBUIÇÃO,Cavalete/Hidrômetro
179,250104000549,SAA,2025,3,2025-03-27,MATATU,Urbana,-12.9771454,-38.4951725,Coliformes totais,AUSENTE,SISTEMA DE DISTRIBUIÇÃO,Reservatório de distribuição
180,250104000563,SAA,2025,3,2025-03-27,CAMINHO DE AREIA,Urbana,-12.9299165,-38.5055196,Coliformes totais,AUSENTE,SISTEMA DE DISTRIBUIÇÃO,Cavalete/Hidrômetro
181,250104000557,SAA,2025,3,2025-03-27,RIBEIRA,Urbana,-12.9161779,-38.4973911,Coliformes totais,AUSENTE,SISTEMA DE DISTRIBUIÇÃO,Cavalete/Hidrômetro
182,250104000531,SAA,2025,3,2025-03-26,PIRAJA,Urbana,-12.8983029,-38.4584337,Coliformes totais,AUSENTE,SISTEMA DE DISTRIBUIÇÃO,Reservatório de distribuição
183,250104000517,SAA,2025,3,2025-03-25,BOCA DO RIO,Urbana,-12.9786105,-38.4322751,Coliformes totais,AUSENTE,SISTEMA DE DISTRIBUIÇÃO,Cavalete/Hidrômetro
184,250104000556,SAA,2025,3,2025-03-27,MASSARANDUBA,Urbana,-12.9253958,-38.5019419,Coliformes totais,AUSENTE,SISTEMA DE DISTRIBUIÇÃO,Cavalete/Hidrômetro
185,250104000523,SAA,2025,3,2025-03-25,COSTA AZUL,Urbana,-12.9852244,-38.4374353,Coliformes totais,AUSENTE,SISTEMA DE DISTRIBUIÇÃO,Cavalete/Hidrômetro
186,250104000536,SAA,2025,3,2025-03-26,AGUAS CLARAS,Urbana,-12.8937081,-38.440751,Coliformes totais,AUSENTE,SISTEMA DE DISTRIBUIÇÃO,Cavalete/Hidrômetro
187,250104000560,SAA,2025,3,2025-03-27,MONTE SERRAT,Urbana,-12.9576787,-38.4968458,Coliformes totais,AUSENTE,SISTEMA DE DISTRIBUIÇÃO,Cavalete/Hidrômetro
188,250104000513,SAA,2025,3,2025-03-25,PARALELA,Urbana,-12.9565084,-38.4291786,Coliformes totais,AUSENTE,SISTEMA DE DISTRIBUIÇÃO,Cavalete/Hidrômetro
189,250104000561,SAA,2025,3,2025-03-27,MONTE SERRAT,Urbana,-12.9293799,-38.5164245,Coliformes totais,AUSENTE,SISTEMA DE DISTRIBUIÇÃO,Cavalete/Hidrômetro
190,250104000538,SAA,2025,3,2025-03-26,CAJAZEIRAS,Urbana,-12.8865546,-38.419571,Coliformes totais,AUSENTE,SISTEMA DE DISTRIBUIÇÃO,Cavalete/Hidrômetro
191,250104000548,SAA,2025,3,2025-03-27,COSME DE FARIAS,Urbana,-12.9811113,-38.4887994,Coliformes totais,AUSENTE,SISTEMA DE DISTRIBUIÇÃO,Cavalete/Hidrômetro
192,250104000539,SAA,2025,3,2025-03-26,CAJAZEIRAS,Urbana,-12.8979121,-38.4129377,Coliformes totais,AUSENTE,SISTEMA DE DISTRIBUIÇÃO,Cavalete/Hidrômetro
193,250104000616,SAA,2025,4,2025-04-03,CAMPINAS DE BROTAS,Urbana,-12.9822708,-38.4778317,Escherichia coli,AUSENTE,SISTEMA DE DISTRIBUIÇÃO,Reservatório de distribuição
194,250104000587,SAA,2025,4,2025-04-02,PATAMARES,Urbana,-12.94097,-38.40252,Escherichia coli,AUSENTE,INTRA-DOMICILIAR / INTRA-PREDIAL,Torneira após a reservação
195,250104000578,SAA,2025,4,2025-04-01,ENGENHO VELHO DE BROTAS,Urbana,-12.9881932,-38.5008212,Escherichia coli,AUSENTE,SISTEMA DE DISTRIBUIÇÃO,Cavalete/Hidrômetro
196,250104000614,SAA,2025,4,2025-04-03,LIBERDADE,Urbana,-12.9471449,-38.4936106,Escherichia coli,AUSENTE,SISTEMA DE DISTRIBUIÇÃO,Cavalete/Hidrômetro
197,250104000603,SAA,2025,4,2025-04-02,RIO VERMELHO,Urbana,-13.0133815,-38.4895824,Escherichia coli,AUSENTE,SISTEMA DE DISTRIBUIÇÃO,Cavalete/Hidrômetro
198,250104000693,SAA,2025,4,2025-04-10,BONFIM,Urbana,-12.9353356,-38.5078683,Escherichia coli,AUSENTE,SISTEMA DE DISTRIBUIÇÃO,Cavalete/Hidrômetro
199,250104000703,SAA,2025,4,2025-04-10,NAZARE,Urbana,-12.9717935,-38.5024859,Escherichia coli,AUSENTE,SISTEMA DE DISTRIBUIÇÃO,Cavalete/Hidrômetro
200,250104000667,SAA,2025,4,2025-04-08,SAO CAETANO,Urbana,-12.9340897,-38.4763333,Escherichia coli,AUSENTE,SISTEMA DE DISTRIBUIÇÃO,Cavalete/Hidrômetro
201,250104000719,SAA,2025,4,2025-04-14,BARRA,Urbana,-13.0061928,-38.5328391,Escherichia coli,AUSENTE,SISTEMA DE DISTRIBUIÇÃO,Cavalete/Hidrômetro
202,250104000624,SAA,2025,4,2025-04-03,SETE PORTAS,Urbana,-12.9686314,-38.4967082,Escherichia coli,AUSENTE,SISTEMA DE DISTRIBUIÇÃO,Cavalete/Hidrômetro
203,250104000569,SAA,2025,4,2025-04-01,MUSSURUNGA I,Urbana,-12.9174058,-38.3658434,Escherichia coli,AUSENTE,SISTEMA DE DISTRIBUIÇÃO,Cavalete/Hidrômetro
204,250104000580,SAA,2025,4,2025-04-01,BROTAS,Urbana,-12.9774119,-38.4994044,Escherichia coli,AUSENTE,SISTEMA DE DISTRIBUIÇÃO,Cavalete/Hidrômetro
205,250104000574,SAA,2025,4,2025-04-01,SAO CRISTOVAO,Urbana,-12.9100858,-38.3528003,Escherichia coli,AUSENTE,SISTEMA DE DISTRIBUIÇÃO,Cavalete/Hidrômetro
206,250104000572,SAA,2025,4,2025-04-01,MUSSURUNGA I,Urbana,-12.9128005,-38.368435,Escherichia coli,AUSENTE,SISTEMA DE DISTRIBUIÇÃO,Cavalete/Hidrômetro
207,250104000579,SAA,2025,4,2025-04-01,ENGENHO VELHO DE BROTAS,Urbana,-12.9844187,-38.5035581,Escherichia coli,AUSENTE,SISTEMA DE DISTRIBUIÇÃO,Cavalete/Hidrômetro
208,250104000642,SAA,2025,4,2025-04-07,JARDIM SANTO INACIO,Urbana,-12.9299969,-38.461718,Escherichia coli,AUSENTE,SISTEMA DE DISTRIBUIÇÃO,Cavalete/Hidrômetro
209,250104000588,SAA,2025,4,2025-04-02,PATAMARES,Urbana,-12.94097,-38.40252,Escherichia coli,AUSENTE,INTRA-DOMICILIAR / INTRA-PREDIAL,Torneira após a reservação
210,250104000586,SAA,2025,4,2025-04-02,PATAMARES,Urbana,-12.94097,-38.40252,Escherichia coli,AUSENTE,INTRA-DOMICILIAR / INTRA-PREDIAL,Torneira após a reservação
211,250104000584,SAA,2025,4,2025-04-01,CAMPINAS DE BROTAS,Urbana,-12.9811285,-38.4765116,Escherichia coli,AUSENTE,SISTEMA DE DISTRIBUIÇÃO,Cavalete/Hidrômetro
212,250104000581,SAA,2025,4,2025-04-01,BROTAS,Urbana,-12.9896525,-38.4886652,Escherichia coli,AUSENTE,SISTEMA DE DISTRIBUIÇÃO,Cavalete/Hidrômetro
213,250104000595,SAA,2025,4,2025-04-02,GARCIA,Urbana,-13.0061873,-38.5007207,Escherichia coli,AUSENTE,SISTEMA DE DISTRIBUIÇÃO,Reservatório de distribuição
214,250104000565,SAA,2025,4,2025-04-01,PATAMARES,Urbana,-12.9642767,-38.4023734,Escherichia coli,AUSENTE,SISTEMA DE DISTRIBUIÇÃO,Cavalete/Hidrômetro
215,250104000627,SAA,2025,4,2025-04-03,AGUAS CLARAS,Urbana,-12.8937081,-38.440751,Escherichia coli,AUSENTE,SISTEMA DE DISTRIBUIÇÃO,Reservatório de distribuição
216,250104000687,SAA,2025,4,2025-04-10,VILA RUY BARBOSA,Urbana,-12.9318587,-38.5016477,Escherichia coli,AUSENTE,SISTEMA DE DISTRIBUIÇÃO,Cavalete/Hidrômetro
217,250104000722,SAA,2025,4,2025-04-14,CANELA,Urbana,-12.9951074,-38.5231869,Escherichia coli,AUSENTE,SISTEMA DE DISTRIBUIÇÃO,Cavalete/Hidrômetro
218,250104000604,SAA,2025,4,2025-04-03,BAIXA DE QUINTAS,Urbana,-12.9655171,-38.492633,Escherichia coli,AUSENTE,SISTEMA DE DISTRIBUIÇÃO,Cavalete/Hidrômetro
219,250104000619,SAA,2025,4,2025-04-03,DANIEL LISBOA,Urbana,-12.9852761,-38.488064,Escherichia coli,AUSENTE,SISTEMA DE DISTRIBUIÇÃO,Cavalete/Hidrômetro
220,250104000670,SAA,2025,4,2025-04-09,PARALELA,Urbana,-12.9514076,-38.4297578,Escherichia coli,AUSENTE,SISTEMA DE DISTRIBUIÇÃO,Cavalete/Hidrômetro
221,250104000692,SAA,2025,4,2025-04-10,ROMA,Urbana,-12.934831,-38.5088189,Escherichia coli,AUSENTE,SISTEMA DE DISTRIBUIÇÃO,Cavalete/Hidrômetro
222,250104000582,SAA,2025,4,2025-04-01,CAMPINAS DE BROTAS,Urbana,-12.9822708,-38.4778317,Escherichia coli,AUSENTE,SISTEMA DE DISTRIBUIÇÃO,Reservatório de distribuição
223,250104000623,SAA,2025,4,2025-04-03,LUIS ANSELMO,Urbana,-12.9754055,-38.4870492,Escherichia coli,AUSENTE,SISTEMA DE DISTRIBUIÇÃO,Cavalete/Hidrômetro
224,250104000639,SAA,2025,4,2025-04-07,NARANDIBA,Urbana,-12.953021,-38.4488291,Escherichia coli,AUSENTE,SISTEMA DE DISTRIBUIÇÃO,Cavalete/Hidrômetro
225,250104000660,SAA,2025,4,2025-04-08,BOM JUA,Urbana,-12.9402491,-38.4748667,Escherichia coli,AUSENTE,SISTEMA DE DISTRIBUIÇÃO,Cavalete/Hidrômetro
226,250104000689,SAA,2025,4,2025-04-10,BONFIM,Urbana,-12.9232008,-38.5063617,Escherichia coli,AUSENTE,SISTEMA DE DISTRIBUIÇÃO,Cavalete/Hidrômetro
227,250104000661,SAA,2025,4,2025-04-08,FAZENDA GRANDE DO RETIRO,Urbana,-12.9492616,-38.4741039,Escherichia coli,AUSENTE,SISTEMA DE DISTRIBUIÇÃO,Cavalete/Hidrômetro
228,250104000644,SAA,2025,4,2025-04-07,SUSSUARANA,Urbana,-12.9330548,-38.4451906,Escherichia coli,AUSENTE,SISTEMA DE DISTRIBUIÇÃO,Cavalete/Hidrômetro
229,250104000631,SAA,2025,4,2025-04-07,CAJAZEIRAS,Urbana,-12.8979121,-38.4129377,Escherichia coli,AUSENTE,SISTEMA DE DISTRIBUIÇÃO,Cavalete/Hidrômetro
230,250104000630,SAA,2025,4,2025-04-07,CAJAZEIRAS,Urbana,-12.8865546,-38.419571,Escherichia coli,AUSENTE,SISTEMA DE DISTRIBUIÇÃO,Cavalete/Hidrômetro
231,250104000629,SAA,2025,4,2025-04-07,AGUAS CLARAS,Urbana,-12.8887609,-38.4208856,Escherichia coli,AUSENTE,SISTEMA DE DISTRIBUIÇÃO,Cavalete/Hidrômetro
232,250104000600,SAA,2025,4,2025-04-02,PITUBA,Urbana,-12.9875764,-38.450551,Escherichia coli,AUSENTE,SISTEMA DE DISTRIBUIÇÃO,Cavalete/Hidrômetro
233,250104000590,SAA,2025,4,2025-04-02,PATAMARES,Urbana,-12.94097,-38.40252,Escherichia coli,AUSENTE,INTRA-DOMICILIAR / INTRA-PREDIAL,Torneira após a reservação
234,250104000657,SAA,2025,4,2025-04-08,SAO MARCOS,Urbana,-12.9331497,-38.8442065,Escherichia coli,AUSENTE,SISTEMA DE DISTRIBUIÇÃO,Cavalete/Hidrômetro
235,250104000664,SAA,2025,4,2025-04-08,FAZENDA GRANDE DO RETIRO,Urbana,-12.9356566,-38.4821471,Escherichia coli,AUSENTE,SISTEMA DE DISTRIBUIÇÃO,Cavalete/Hidrômetro
236,250104000583,SAA,2025,4,2025-04-01,CAMPINAS DE BROTAS,Urbana,-12.9822708,-38.4778317,Escherichia coli,AUSENTE,SISTEMA DE DISTRIBUIÇÃO,Reservatório de distribuição
237,250104000608,SAA,2025,4,2025-04-03,IAPI,Urbana,-12.9583341,-38.4772231,Escherichia coli,AUSENTE,SISTEMA DE DISTRIBUIÇÃO,Cavalete/Hidrômetro
238,250104000606,SAA,2025,4,2025-04-03,IAPI,Urbana,-12.9571707,-38.4878926,Escherichia coli,AUSENTE,SISTEMA DE DISTRIBUIÇÃO,Cavalete/Hidrômetro
239,250104000610,SAA,2025,4,2025-04-03,CAIXA D'AGUA,Urbana,-12.957181,-38.493831,Escherichia coli,AUSENTE,SISTEMA DE DISTRIBUIÇÃO,Cavalete/Hidrômetro
240,250104000596,SAA,2025,4,2025-04-02,BARRIS,Urbana,-12.989951,-38.5119076,Escherichia coli,AUSENTE,SISTEMA DE DISTRIBUIÇÃO,Cavalete/Hidrômetro
241,250104000598,SAA,2025,4,2025-04-02,ITAIGARA,Urbana,-12.996705,-38.4620204,Escherichia coli,AUSENTE,SISTEMA DE DISTRIBUIÇÃO,Cavalete/Hidrômetro
242,250104000570,SAA,2025,4,2025-04-01,MUSSURUNGA II,Urbana,-12.9212027,-38.3729963,Escherichia coli,AUSENTE,SISTEMA DE DISTRIBUIÇÃO,Cavalete/Hidrômetro
243,250104000697,SAA,2025,4,2025-04-10,NAZARE,Urbana,-12.9809618,-38.5117067,Escherichia coli,AUSENTE,SISTEMA DE DISTRIBUIÇÃO,Cavalete/Hidrômetro
244,250104000696,SAA,2025,4,2025-04-10,CENTRO,Urbana,-12.985381,-38.5190515,Escherichia coli,AUSENTE,SISTEMA DE DISTRIBUIÇÃO,Cavalete/Hidrômetro
245,250104000678,SAA,2025,4,2025-04-09,JARDIM ARMAÇÃO,Urbana,-12.9963548,-38.4497756,Escherichia coli,AUSENTE,SISTEMA DE DISTRIBUIÇÃO,Cavalete/Hidrômetro
246,250104000674,SAA,2025,4,2025-04-09,BOCA DO RIO,Urbana,-12.9737117,-38.4324085,Escherichia coli,AUSENTE,SISTEMA DE DISTRIBUIÇÃO,Cavalete/Hidrômetro
247,250104000666,SAA,2025,4,2025-04-08,BOA VISTA DE SAO CAETANO,Urbana,-12.9291007,-38.4775421,Escherichia coli,AUSENTE,SISTEMA DE DISTRIBUIÇÃO,Cavalete/Hidrômetro
248,250104000650,SAA,2025,4,2025-04-08,PAU DA LIMA,Urbana,-12.91594,-38.4436263,Escherichia coli,AUSENTE,SISTEMA DE DISTRIBUIÇÃO,Cavalete/Hidrômetro
249,250104000659,SAA,2025,4,2025-04-08,FAZENDA GRANDE DO RETIRO,Urbana,-12.9537196,-38.4751009,Escherichia coli,AUSENTE,SISTEMA DE DISTRIBUIÇÃO,Cavalete/Hidrômetro
250,250104000691,SAA,2025,4,2025-04-10,BONFIM,Urbana,-12.9300624,-38.5107076,Escherichia coli,AUSENTE,SISTEMA DE DISTRIBUIÇÃO,Cavalete/Hidrômetro
251,250104000705,SAA,2025,4,2025-04-10,PELOURINHO,Urbana,-12.9730867,-38.5086675,Escherichia coli,AUSENTE,SISTEMA DE DISTRIBUIÇÃO,Cavalete/Hidrômetro
252,250104000704,SAA,2025,4,2025-04-10,SANTO ANTÔNIO ALÉM DO CARMO,Urbana,-12.9672411,-38.5051227,Escherichia coli,AUSENTE,SISTEMA DE DISTRIBUIÇÃO,Cavalete/Hidrômetro
253,250104000706,SAA,2025,4,2025-04-10,COMERCIO,Urbana,-12.9675548,-38.5104299,Escherichia coli,AUSENTE,SISTEMA DE DISTRIBUIÇÃO,Cavalete/Hidrômetro
254,250104000702,SAA,2025,4,2025-04-10,NAZARE,Urbana,-12.9720626,-38.501378,Escherichia coli,AUSENTE,SISTEMA DE DISTRIBUIÇÃO,Cavalete/Hidrômetro
255,250104000701,SAA,2025,4,2025-04-10,NAZARE,Urbana,-12.9722076,-38.5015539,Escherichia coli,AUSENTE,SISTEMA DE DISTRIBUIÇÃO,Cavalete/Hidrômetro
256,250104000700,SAA,2025,4,2025-04-10,NAZARE,Urbana,-12.9746323,-38.502258,Escherichia coli,AUSENTE,SISTEMA DE DISTRIBUIÇÃO,Cavalete/Hidrômetro
257,250104000698,SAA,2025,4,2025-04-10,TORORO,Urbana,-12.9830904,-38.5088441,Escherichia coli,AUSENTE,SISTEMA DE DISTRIBUIÇÃO,Cavalete/Hidrômetro
258,250104000680,SAA,2025,4,2025-04-09,RIO VERMELHO,Urbana,-13.0159885,-38.486434,Escherichia coli,AUSENTE,SISTEMA DE DISTRIBUIÇÃO,Cavalete/Hidrômetro
259,250104000681,SAA,2025,4,2025-04-09,RIO VERMELHO,Urbana,-13.0120405,-38.4882229,Escherichia coli,AUSENTE,SISTEMA DE DISTRIBUIÇÃO,Cavalete/Hidrômetro
260,250104000676,SAA,2025,4,2025-04-09,BOCA DO RIO,Urbana,-12.9786105,-38.4322751,Escherichia coli,AUSENTE,SISTEMA DE DISTRIBUIÇÃO,Cavalete/Hidrômetro
261,250104000695,SAA,2025,4,2025-04-10,BARRIS,Urbana,-12.9870789,-38.5140829,Escherichia coli,AUSENTE,SISTEMA DE DISTRIBUIÇÃO,Cavalete/Hidrômetro
262,250104000682,SAA,2025,4,2025-04-09,RIO VERMELHO,Urbana,-13.0006594,-38.4807493,Escherichia coli,AUSENTE,SISTEMA DE DISTRIBUIÇÃO,Cavalete/Hidrômetro
263,250104000679,SAA,2025,4,2025-04-09,COSTA AZUL,Urbana,-12.9852244,-38.4374353,Escherichia coli,AUSENTE,SISTEMA DE DISTRIBUIÇÃO,Cavalete/Hidrômetro
264,250104000677,SAA,2025,4,2025-04-09,STIEP,Urbana,-12.9802634,-38.4491574,Escherichia coli,AUSENTE,SISTEMA DE DISTRIBUIÇÃO,Cavalete/Hidrômetro
265,250104000675,SAA,2025,4,2025-04-09,BOCA DO RIO,Urbana,-12.9797437,-38.436922,Escherichia coli,AUSENTE,SISTEMA DE DISTRIBUIÇÃO,Cavalete/Hidrômetro
266,250104000575,SAA,2025,4,2025-04-01,HORTO FLORESTAL,Urbana,-12.996216,-38.4880617,Escherichia coli,AUSENTE,SISTEMA DE DISTRIBUIÇÃO,Cavalete/Hidrômetro
267,250104000686,SAA,2025,4,2025-04-10,URUGUAI,Urbana,-12.9380932,-38.4999194,Escherichia coli,AUSENTE,SISTEMA DE DISTRIBUIÇÃO,Cavalete/Hidrômetro
268,250104000647,SAA,2025,4,2025-04-08,CASTELO BRANCO,Urbana,-12.9043897,-38.4408708,Escherichia coli,AUSENTE,SISTEMA DE DISTRIBUIÇÃO,Cavalete/Hidrômetro
269,250104000571,SAA,2025,4,2025-04-01,MUSSURUNGA I,Urbana,-12.9196166,-38.3676906,Escherichia coli,AUSENTE,SISTEMA DE DISTRIBUIÇÃO,Cavalete/Hidrômetro
270,250104000620,SAA,2025,4,2025-04-03,BROTAS,Urbana,-12.9810131,-38.5005866,Escherichia coli,AUSENTE,SISTEMA DE DISTRIBUIÇÃO,Cavalete/Hidrômetro
271,250104000605,SAA,2025,4,2025-04-03,CIDADE NOVA,Urbana,-12.9650303,-38.4841701,Escherichia coli,AUSENTE,SISTEMA DE DISTRIBUIÇÃO,Cavalete/Hidrômetro
272,250104000568,SAA,2025,4,2025-04-01,PIATA,Urbana,-12.9347395,-38.3846333,Escherichia coli,AUSENTE,SISTEMA DE DISTRIBUIÇÃO,Cavalete/Hidrômetro
273,250104000566,SAA,2025,4,2025-04-01,PATAMARES,Urbana,-12.9574916,-38.400895,Escherichia coli,AUSENTE,SISTEMA DE DISTRIBUIÇÃO,Cavalete/Hidrômetro
274,250104000653,SAA,2025,4,2025-04-08,NOVA BRASILIA,Urbana,-12.9175416,-38.4086382,Escherichia coli,AUSENTE,SISTEMA DE DISTRIBUIÇÃO,Cavalete/Hidrômetro
275,250104000669,SAA,2025,4,2025-04-09,PARALELA,Urbana,-12.9565084,-38.4291786,Escherichia coli,AUSENTE,SISTEMA DE DISTRIBUIÇÃO,Cavalete/Hidrômetro
276,250104000649,SAA,2025,4,2025-04-08,VILA CANARIA,Urbana,-12.9123519,-38.4432356,Escherichia coli,AUSENTE,SISTEMA DE DISTRIBUIÇÃO,Cavalete/Hidrômetro
277,250104000688,SAA,2025,4,2025-04-10,RIBEIRA,Urbana,-12.9177793,-38.5009462,Escherichia coli,AUSENTE,SISTEMA DE DISTRIBUIÇÃO,Cavalete/Hidrômetro
278,250104000668,SAA,2025,4,2025-04-08,SAO CAETANO,Urbana,-12.93527,-38.47578,Escherichia coli,AUSENTE,SISTEMA DE DISTRIBUIÇÃO,Cavalete/Hidrômetro
279,250104000646,SAA,2025,4,2025-04-07,CABULA,Urbana,-12.9585879,-38.4673789,Escherichia coli,AUSENTE,SISTEMA DE DISTRIBUIÇÃO,Reservatório de distribuição
280,250104000640,SAA,2025,4,2025-04-07,TANCREDO NEVES,Urbana,-12.9456707,-38.4466258,Escherichia coli,AUSENTE,SISTEMA DE DISTRIBUIÇÃO,Cavalete/Hidrômetro
281,250104000708,SAA,2025,4,2025-04-14,RESGATE,Urbana,-12.9603655,-38.4667637,Escherichia coli,AUSENTE,SISTEMA DE DISTRIBUIÇÃO,Cavalete/Hidrômetro
282,250104000643,SAA,2025,4,2025-04-07,MATA ESCURA,Urbana,-12.9312127,-38.4578836,Escherichia coli,AUSENTE,SISTEMA DE DISTRIBUIÇÃO,Cavalete/Hidrômetro
283,250104000715,SAA,2025,4,2025-04-14,ESTRADA DAS BARREIRAS,Urbana,-12.9430904,-38.45712,Escherichia coli,AUSENTE,SISTEMA DE DISTRIBUIÇÃO,Cavalete/Hidrômetro
284,250104000717,SAA,2025,4,2025-04-14,JARDIM APIPEMA,Urbana,-13.0055148,-38.5180584,Escherichia coli,AUSENTE,SISTEMA DE DISTRIBUIÇÃO,Cavalete/Hidrômetro
285,250104000655,SAA,2025,4,2025-04-08,CANABRAVA,Urbana,-12.9252757,-38.4197364,Escherichia coli,AUSENTE,SISTEMA DE DISTRIBUIÇÃO,Cavalete/Hidrômetro
286,250104000573,SAA,2025,4,2025-04-01,SAO CRISTOVAO,Urbana,-12.9108684,-38.354817,Escherichia coli,AUSENTE,SISTEMA DE DISTRIBUIÇÃO,Cavalete/Hidrômetro
287,250104000710,SAA,2025,4,2025-04-14,CABULA,Urbana,-12.9585879,-38.4673789,Escherichia coli,AUSENTE,SISTEMA DE DISTRIBUIÇÃO,Reservatório de distribuição
288,250104000576,SAA,2025,4,2025-04-01,BROTAS,Urbana,-12.99608,-38.48983,Escherichia coli,AUSENTE,SISTEMA DE DISTRIBUIÇÃO,Cavalete/Hidrômetro
289,250104000709,SAA,2025,4,2025-04-14,CABULA,Urbana,-12.9585879,-38.4673789,Escherichia coli,AUSENTE,SISTEMA DE DISTRIBUIÇÃO,Reservatório de distribuição
290,250104000724,SAA,2025,4,2025-04-14,FEDERACAO,Urbana,-12.9973266,-38.5155015,Escherichia coli,AUSENTE,SISTEMA DE DISTRIBUIÇÃO,Cavalete/Hidrômetro
291,250104000725,SAA,2025,4,2025-04-14,FEDERACAO,Urbana,-12.9977651,-38.5130478,Escherichia coli,AUSENTE,SISTEMA DE DISTRIBUIÇÃO,Cavalete/Hidrômetro
292,250104000716,SAA,2025,4,2025-04-14,JARDIM APIPEMA,Urbana,-13.0041037,-38.5178121,Escherichia coli,AUSENTE,SISTEMA DE DISTRIBUIÇÃO,Cavalete/Hidrômetro
293,250104000600,SAA,2025,4,2025-04-02,PITUBA,Urbana,-12.9875764,-38.450551,Turbidez (uT),"0,02",SISTEMA DE DISTRIBUIÇÃO,Cavalete/Hidrômetro
294,250104000606,SAA,2025,4,2025-04-03,IAPI,Urbana,-12.9571707,-38.4878926,Turbidez (uT),"0,02",SISTEMA DE DISTRIBUIÇÃO,Cavalete/Hidrômetro
295,250104000620,SAA,2025,4,2025-04-03,BROTAS,Urbana,-12.9810131,-38.5005866,Turbidez (uT),"0,02",SISTEMA DE DISTRIBUIÇÃO,Cavalete/Hidrômetro
296,250104000619,SAA,2025,4,2025-04-03,DANIEL LISBOA,Urbana,-12.9852761,-38.488064,Turbidez (uT),"0,02",SISTEMA DE DISTRIBUIÇÃO,Cavalete/Hidrômetro
297,250104000609,SAA,2025,4,2025-04-03,BARROS REIS,Urbana,-12.9670275,-38.4802795,Turbidez (uT),"0,02",SISTEMA DE DISTRIBUIÇÃO,Cavalete/Hidrômetro
298,250104000604,SAA,2025,4,2025-04-03,BAIXA DE QUINTAS,Urbana,-12.9655171,-38.492633,Turbidez (uT),"0,02",SISTEMA DE DISTRIBUIÇÃO,Cavalete/Hidrômetro
299,250104000613,SAA,2025,4,2025-04-03,LIBERDADE,Urbana,-12.9495478,-38.4959448,Turbidez (uT),"0,02",SISTEMA DE DISTRIBUIÇÃO,Cavalete/Hidrômetro
300,250104000589,SAA,2025,4,2025-04-02,PATAMARES,Urbana,-12.94097,-38.40252,Turbidez (uT),"0,02",INTRA-DOMICILIAR / INTRA-PREDIAL,Torneira após a reservação
301,250104000598,SAA,2025,4,2025-04-02,ITAIGARA,Urbana,-12.996705,-38.4620204,Turbidez (uT),"0,02",SISTEMA DE DISTRIBUIÇÃO,Cavalete/Hidrômetro
302,250104000588,SAA,2025,4,2025-04-02,PATAMARES,Urbana,-12.94097,-38.40252,Turbidez (uT),"0,02",INTRA-DOMICILIAR / INTRA-PREDIAL,Torneira após a reservação
303,250104000643,SAA,2025,4,2025-04-07,MATA ESCURA,Urbana,-12.9312127,-38.4578836,Turbidez (uT),"0,02",SISTEMA DE DISTRIBUIÇÃO,Cavalete/Hidrômetro
304,250104000628,SAA,2025,4,2025-04-03,AGUAS CLARAS,Urbana,-12.8937081,-38.440751,Turbidez (uT),"0,02",SISTEMA DE DISTRIBUIÇÃO,Reservatório de distribuição
305,250104000667,SAA,2025,4,2025-04-08,SAO CAETANO,Urbana,-12.9340897,-38.4763333,Turbidez (uT),"0,02",SISTEMA DE DISTRIBUIÇÃO,Cavalete/Hidrômetro
306,250104000670,SAA,2025,4,2025-04-09,PARALELA,Urbana,-12.9514076,-38.4297578,Turbidez (uT),"0,02",SISTEMA DE DISTRIBUIÇÃO,Cavalete/Hidrômetro
307,250104000671,SAA,2025,4,2025-04-09,IMBUI,Urbana,-12.9695384,-38.4323755,Turbidez (uT),"0,02",SISTEMA DE DISTRIBUIÇÃO,Cavalete/Hidrômetro
308,250104000642,SAA,2025,4,2025-04-07,JARDIM SANTO INACIO,Urbana,-12.9299969,-38.461718,Turbidez (uT),"0,02",SISTEMA DE DISTRIBUIÇÃO,Cavalete/Hidrômetro
309,250104000639,SAA,2025,4,2025-04-07,NARANDIBA,Urbana,-12.953021,-38.4488291,Turbidez (uT),"0,02",SISTEMA DE DISTRIBUIÇÃO,Cavalete/Hidrômetro
310,250104000631,SAA,2025,4,2025-04-07,CAJAZEIRAS,Urbana,-12.8979121,-38.4129377,Turbidez (uT),"0,02",SISTEMA DE DISTRIBUIÇÃO,Cavalete/Hidrômetro
311,250104000578,SAA,2025,4,2025-04-01,ENGENHO VELHO DE BROTAS,Urbana,-12.9881932,-38.5008212,Turbidez (uT),"0,02",SISTEMA DE DISTRIBUIÇÃO,Cavalete/Hidrômetro
312,250104000624,SAA,2025,4,2025-04-03,SETE PORTAS,Urbana,-12.9686314,-38.4967082,Turbidez (uT),"0,02",SISTEMA DE DISTRIBUIÇÃO,Cavalete/Hidrômetro
313,250104000573,SAA,2025,4,2025-04-01,SAO CRISTOVAO,Urbana,-12.9108684,-38.354817,Turbidez (uT),"0,02",SISTEMA DE DISTRIBUIÇÃO,Cavalete/Hidrômetro
314,250104000614,SAA,2025,4,2025-04-03,LIBERDADE,Urbana,-12.9471449,-38.4936106,Turbidez (uT),"0,02",SISTEMA DE DISTRIBUIÇÃO,Cavalete/Hidrômetro
315,250104000663,SAA,2025,4,2025-04-08,FAZENDA GRANDE DO RETIRO,Urbana,-12.9431764,-38.4804076,Turbidez (uT),"0,02",SISTEMA DE DISTRIBUIÇÃO,Cavalete/Hidrômetro
316,250104000629,SAA,2025,4,2025-04-07,AGUAS CLARAS,Urbana,-12.8887609,-38.4208856,Turbidez (uT),"0,02",SISTEMA DE DISTRIBUIÇÃO,Cavalete/Hidrômetro
317,250104000697,SAA,2025,4,2025-04-10,NAZARE,Urbana,-12.9809618,-38.5117067,Turbidez (uT),"0,02",SISTEMA DE DISTRIBUIÇÃO,Cavalete/Hidrômetro
318,250104000705,SAA,2025,4,2025-04-10,PELOURINHO,Urbana,-12.9730867,-38.5086675,Turbidez (uT),"0,02",SISTEMA DE DISTRIBUIÇÃO,Cavalete/Hidrômetro
319,250104000699,SAA,2025,4,2025-04-10,NAZARE,Urbana,-12.9788937,-38.5082991,Turbidez (uT),"0,02",SISTEMA DE DISTRIBUIÇÃO,Cavalete/Hidrômetro
320,250104000616,SAA,2025,4,2025-04-03,CAMPINAS DE BROTAS,Urbana,-12.9822708,-38.4778317,Turbidez (uT),"0,02",SISTEMA DE DISTRIBUIÇÃO,Reservatório de distribuição
321,250104000569,SAA,2025,4,2025-04-01,MUSSURUNGA I,Urbana,-12.9174058,-38.3658434,Turbidez (uT),"0,02",SISTEMA DE DISTRIBUIÇÃO,Cavalete/Hidrômetro
322,250104000702,SAA,2025,4,2025-04-10,NAZARE,Urbana,-12.9720626,-38.501378,Turbidez (uT),"0,02",SISTEMA DE DISTRIBUIÇÃO,Cavalete/Hidrômetro
323,250104000701,SAA,2025,4,2025-04-10,NAZARE,Urbana,-12.9722076,-38.5015539,Turbidez (uT),"0,21",SISTEMA DE DISTRIBUIÇÃO,Cavalete/Hidrômetro
324,250104000698,SAA,2025,4,2025-04-10,TORORO,Urbana,-12.9830904,-38.5088441,Turbidez (uT),"0,02",SISTEMA DE DISTRIBUIÇÃO,Cavalete/Hidrômetro
325,250104000680,SAA,2025,4,2025-04-09,RIO VERMELHO,Urbana,-13.0159885,-38.486434,Turbidez (uT),"2,76",SISTEMA DE DISTRIBUIÇÃO,Cavalete/Hidrômetro
326,250104000681,SAA,2025,4,2025-04-09,RIO VERMELHO,Urbana,-13.0120405,-38.4882229,Turbidez (uT),"0,64",SISTEMA DE DISTRIBUIÇÃO,Cavalete/Hidrômetro
327,250104000676,SAA,2025,4,2025-04-09,BOCA DO RIO,Urbana,-12.9786105,-38.4322751,Turbidez (uT),"0,30",SISTEMA DE DISTRIBUIÇÃO,Cavalete/Hidrômetro
328,250104000674,SAA,2025,4,2025-04-09,BOCA DO RIO,Urbana,-12.9737117,-38.4324085,Turbidez (uT),"0,15",SISTEMA DE DISTRIBUIÇÃO,Cavalete/Hidrômetro
329,250104000664,SAA,2025,4,2025-04-08,FAZENDA GRANDE DO RETIRO,Urbana,-12.9356566,-38.4821471,Turbidez (uT),"0,02",SISTEMA DE DISTRIBUIÇÃO,Cavalete/Hidrômetro
330,250104000662,SAA,2025,4,2025-04-08,FAZENDA GRANDE DO RETIRO,Urbana,-12.9503658,-38.4762532,Turbidez (uT),"0,02",SISTEMA DE DISTRIBUIÇÃO,Cavalete/Hidrômetro
331,250104000687,SAA,2025,4,2025-04-10,VILA RUY BARBOSA,Urbana,-12.9318587,-38.5016477,Turbidez (uT),"0,40",SISTEMA DE DISTRIBUIÇÃO,Cavalete/Hidrômetro
332,250104000689,SAA,2025,4,2025-04-10,BONFIM,Urbana,-12.9232008,-38.5063617,Turbidez (uT),"2,23",SISTEMA DE DISTRIBUIÇÃO,Cavalete/Hidrômetro
333,250104000688,SAA,2025,4,2025-04-10,RIBEIRA,Urbana,-12.9177793,-38.5009462,Turbidez (uT),"0,02",SISTEMA DE DISTRIBUIÇÃO,Cavalete/Hidrômetro
334,250104000661,SAA,2025,4,2025-04-08,FAZENDA GRANDE DO RETIRO,Urbana,-12.9492616,-38.4741039,Turbidez (uT),"0,02",SISTEMA DE DISTRIBUIÇÃO,Cavalete/Hidrômetro
335,250104000659,SAA,2025,4,2025-04-08,FAZENDA GRANDE DO RETIRO,Urbana,-12.9537196,-38.4751009,Turbidez (uT),"0,02",SISTEMA DE DISTRIBUIÇÃO,Cavalete/Hidrômetro
336,250104000693,SAA,2025,4,2025-04-10,BONFIM,Urbana,-12.9353356,-38.5078683,Turbidez (uT),"0,26",SISTEMA DE DISTRIBUIÇÃO,Cavalete/Hidrômetro
337,250104000655,SAA,2025,4,2025-04-08,CANABRAVA,Urbana,-12.9252757,-38.4197364,Turbidez (uT),"0,02",SISTEMA DE DISTRIBUIÇÃO,Cavalete/Hidrômetro
338,250104000694,SAA,2025,4,2025-04-10,BOA VIAGEM,Urbana,-12.9356721,-38.5098254,Turbidez (uT),"0,02",SISTEMA DE DISTRIBUIÇÃO,Cavalete/Hidrômetro
339,250104000653,SAA,2025,4,2025-04-08,NOVA BRASILIA,Urbana,-12.9175416,-38.4086382,Turbidez (uT),"0,02",SISTEMA DE DISTRIBUIÇÃO,Cavalete/Hidrômetro
340,250104000646,SAA,2025,4,2025-04-07,CABULA,Urbana,-12.9585879,-38.4673789,Turbidez (uT),"0,02",SISTEMA DE DISTRIBUIÇÃO,Reservatório de distribuição
341,250104000651,SAA,2025,4,2025-04-08,SAO MARCOS,Urbana,-12.9254223,-38.4359021,Turbidez (uT),"0,02",SISTEMA DE DISTRIBUIÇÃO,Cavalete/Hidrômetro
342,250104000658,SAA,2025,4,2025-04-08,PAU DA LIMA,Urbana,-12.9287618,-38.430412,Turbidez (uT),"0,02",SISTEMA DE DISTRIBUIÇÃO,Cavalete/Hidrômetro
343,250104000575,SAA,2025,4,2025-04-01,HORTO FLORESTAL,Urbana,-12.996216,-38.4880617,Turbidez (uT),"0,02",SISTEMA DE DISTRIBUIÇÃO,Cavalete/Hidrômetro
344,250104000584,SAA,2025,4,2025-04-01,CAMPINAS DE BROTAS,Urbana,-12.9811285,-38.4765116,Turbidez (uT),"0,02",SISTEMA DE DISTRIBUIÇÃO,Cavalete/Hidrômetro
345,250104000581,SAA,2025,4,2025-04-01,BROTAS,Urbana,-12.9896525,-38.4886652,Turbidez (uT),"0,02",SISTEMA DE DISTRIBUIÇÃO,Cavalete/Hidrômetro
346,250104000571,SAA,2025,4,2025-04-01,MUSSURUNGA I,Urbana,-12.9196166,-38.3676906,Turbidez (uT),"0,02",SISTEMA DE DISTRIBUIÇÃO,Cavalete/Hidrômetro
347,250104000579,SAA,2025,4,2025-04-01,ENGENHO VELHO DE BROTAS,Urbana,-12.9844187,-38.5035581,Turbidez (uT),"0,02",SISTEMA DE DISTRIBUIÇÃO,Cavalete/Hidrômetro
348,250104000595,SAA,2025,4,2025-04-02,GARCIA,Urbana,-13.0061873,-38.5007207,Turbidez (uT),"0,02",SISTEMA DE DISTRIBUIÇÃO,Reservatório de distribuição
349,250104000615,SAA,2025,4,2025-04-03,LIBERDADE,Urbana,-12.9445887,-38.4913701,Turbidez (uT),"0,02",SISTEMA DE DISTRIBUIÇÃO,Cavalete/Hidrômetro
350,250104000605,SAA,2025,4,2025-04-03,CIDADE NOVA,Urbana,-12.9650303,-38.4841701,Turbidez (uT),"0,02",SISTEMA DE DISTRIBUIÇÃO,Cavalete/Hidrômetro
351,250104000665,SAA,2025,4,2025-04-08,SAO CAETANO,Urbana,-12.9334698,-38.4828891,Turbidez (uT),"0,02",SISTEMA DE DISTRIBUIÇÃO,Cavalete/Hidrômetro
352,250104000669,SAA,2025,4,2025-04-09,PARALELA,Urbana,-12.9565084,-38.4291786,Turbidez (uT),"0,02",SISTEMA DE DISTRIBUIÇÃO,Cavalete/Hidrômetro
353,250104000660,SAA,2025,4,2025-04-08,BOM JUA,Urbana,-12.9402491,-38.4748667,Turbidez (uT),"0,02",SISTEMA DE DISTRIBUIÇÃO,Cavalete/Hidrômetro
354,250104000686,SAA,2025,4,2025-04-10,URUGUAI,Urbana,-12.9380932,-38.4999194,Turbidez (uT),"0,02",SISTEMA DE DISTRIBUIÇÃO,Cavalete/Hidrômetro
355,250104000691,SAA,2025,4,2025-04-10,BONFIM,Urbana,-12.9300624,-38.5107076,Turbidez (uT),"7,56",SISTEMA DE DISTRIBUIÇÃO,Cavalete/Hidrômetro
356,250104000650,SAA,2025,4,2025-04-08,PAU DA LIMA,Urbana,-12.91594,-38.4436263,Turbidez (uT),"0,02",SISTEMA DE DISTRIBUIÇÃO,Cavalete/Hidrômetro
357,250104000704,SAA,2025,4,2025-04-10,SANTO ANTÔNIO ALÉM DO CARMO,Urbana,-12.9672411,-38.5051227,Turbidez (uT),"0,02",SISTEMA DE DISTRIBUIÇÃO,Cavalete/Hidrômetro
358,250104000703,SAA,2025,4,2025-04-10,NAZARE,Urbana,-12.9717935,-38.5024859,Turbidez (uT),"0,02",SISTEMA DE DISTRIBUIÇÃO,Cavalete/Hidrômetro
359,250104000696,SAA,2025,4,2025-04-10,CENTRO,Urbana,-12.985381,-38.5190515,Turbidez (uT),"0,90",SISTEMA DE DISTRIBUIÇÃO,Cavalete/Hidrômetro
360,250104000580,SAA,2025,4,2025-04-01,BROTAS,Urbana,-12.9774119,-38.4994044,Turbidez (uT),"0,02",SISTEMA DE DISTRIBUIÇÃO,Cavalete/Hidrômetro
361,250104000585,SAA,2025,4,2025-04-01,COSME DE FARIAS,Urbana,-12.9765849,-38.4880004,Turbidez (uT),"0,02",SISTEMA DE DISTRIBUIÇÃO,Cavalete/Hidrômetro
362,250104000657,SAA,2025,4,2025-04-08,SAO MARCOS,Urbana,-12.9331497,-38.8442065,Turbidez (uT),"0,02",SISTEMA DE DISTRIBUIÇÃO,Cavalete/Hidrômetro
363,250104000700,SAA,2025,4,2025-04-10,NAZARE,Urbana,-12.9746323,-38.502258,Turbidez (uT),"0,02",SISTEMA DE DISTRIBUIÇÃO,Cavalete/Hidrômetro
364,250104000695,SAA,2025,4,2025-04-10,BARRIS,Urbana,-12.9870789,-38.5140829,Turbidez (uT),"0,02",SISTEMA DE DISTRIBUIÇÃO,Cavalete/Hidrômetro
365,250104000678,SAA,2025,4,2025-04-09,JARDIM ARMAÇÃO,Urbana,-12.9963548,-38.4497756,Turbidez (uT),"0,02",SISTEMA DE DISTRIBUIÇÃO,Cavalete/Hidrômetro
366,250104000682,SAA,2025,4,2025-04-09,RIO VERMELHO,Urbana,-13.0006594,-38.4807493,Turbidez (uT),"0,02",SISTEMA DE DISTRIBUIÇÃO,Cavalete/Hidrômetro
367,250104000679,SAA,2025,4,2025-04-09,COSTA AZUL,Urbana,-12.9852244,-38.4374353,Turbidez (uT),"0,02",SISTEMA DE DISTRIBUIÇÃO,Cavalete/Hidrômetro
368,250104000675,SAA,2025,4,2025-04-09,BOCA DO RIO,Urbana,-12.9797437,-38.436922,Turbidez (uT),"0,02",SISTEMA DE DISTRIBUIÇÃO,Cavalete/Hidrômetro
369,250104000586,SAA,2025,4,2025-04-02,PATAMARES,Urbana,-12.94097,-38.40252,Turbidez (uT),"0,02",INTRA-DOMICILIAR / INTRA-PREDIAL,Torneira após a reservação
370,250104000570,SAA,2025,4,2025-04-01,MUSSURUNGA II,Urbana,-12.9212027,-38.3729963,Turbidez (uT),"0,02",SISTEMA DE DISTRIBUIÇÃO,Cavalete/Hidrômetro
371,250104000568,SAA,2025,4,2025-04-01,PIATA,Urbana,-12.9347395,-38.3846333,Turbidez (uT),"0,02",SISTEMA DE DISTRIBUIÇÃO,Cavalete/Hidrômetro
372,250104000574,SAA,2025,4,2025-04-01,SAO CRISTOVAO,Urbana,-12.9100858,-38.3528003,Turbidez (uT),"0,02",SISTEMA DE DISTRIBUIÇÃO,Cavalete/Hidrômetro
373,250104000572,SAA,2025,4,2025-04-01,MUSSURUNGA I,Urbana,-12.9128005,-38.368435,Turbidez (uT),"0,02",SISTEMA DE DISTRIBUIÇÃO,Cavalete/Hidrômetro
374,250104000711,SAA,2025,4,2025-04-14,SAO GONCALO,Urbana,-12.9514665,-38.4647476,Turbidez (uT),"0,02",SISTEMA DE DISTRIBUIÇÃO,Cavalete/Hidrômetro
375,250104000590,SAA,2025,4,2025-04-02,PATAMARES,Urbana,-12.94097,-38.40252,Turbidez (uT),"0,02",INTRA-DOMICILIAR / INTRA-PREDIAL,Torneira após a reservação
376,250104000717,SAA,2025,4,2025-04-14,JARDIM APIPEMA,Urbana,-13.0055148,-38.5180584,Turbidez (uT),"0,02",SISTEMA DE DISTRIBUIÇÃO,Cavalete/Hidrômetro
377,250104000708,SAA,2025,4,2025-04-14,RESGATE,Urbana,-12.9603655,-38.4667637,Turbidez (uT),"0,02",SISTEMA DE DISTRIBUIÇÃO,Cavalete/Hidrômetro
378,250104000627,SAA,2025,4,2025-04-03,AGUAS CLARAS,Urbana,-12.8937081,-38.440751,Turbidez (uT),"0,02",SISTEMA DE DISTRIBUIÇÃO,Reservatório de distribuição
379,250104000610,SAA,2025,4,2025-04-03,CAIXA D'AGUA,Urbana,-12.957181,-38.493831,Turbidez (uT),"0,02",SISTEMA DE DISTRIBUIÇÃO,Cavalete/Hidrômetro
380,250104000582,SAA,2025,4,2025-04-01,CAMPINAS DE BROTAS,Urbana,-12.9822708,-38.4778317,Turbidez (uT),"0,02",SISTEMA DE DISTRIBUIÇÃO,Reservatório de distribuição
381,250104000719,SAA,2025,4,2025-04-14,BARRA,Urbana,-13.0061928,-38.5328391,Turbidez (uT),"0,02",SISTEMA DE DISTRIBUIÇÃO,Cavalete/Hidrômetro
382,250104000603,SAA,2025,4,2025-04-02,RIO VERMELHO,Urbana,-13.0133815,-38.4895824,Turbidez (uT),"0,02",SISTEMA DE DISTRIBUIÇÃO,Cavalete/Hidrômetro
383,250104000596,SAA,2025,4,2025-04-02,BARRIS,Urbana,-12.989951,-38.5119076,Turbidez (uT),"0,02",SISTEMA DE DISTRIBUIÇÃO,Cavalete/Hidrômetro
384,250104000712,SAA,2025,4,2025-04-14,SABOEIRO,Urbana,-12.9605618,-38.4481118,Turbidez (uT),"0,02",SISTEMA DE DISTRIBUIÇÃO,Cavalete/Hidrômetro
385,250104000709,SAA,2025,4,2025-04-14,CABULA,Urbana,-12.9585879,-38.4673789,Turbidez (uT),"0,02",SISTEMA DE DISTRIBUIÇÃO,Reservatório de distribuição
386,250104000716,SAA,2025,4,2025-04-14,JARDIM APIPEMA,Urbana,-13.0041037,-38.5178121,Turbidez (uT),"0,02",SISTEMA DE DISTRIBUIÇÃO,Cavalete/Hidrômetro
387,250104000715,SAA,2025,4,2025-04-14,ESTRADA DAS BARREIRAS,Urbana,-12.9430904,-38.45712,Turbidez (uT),"0,02",SISTEMA DE DISTRIBUIÇÃO,Cavalete/Hidrômetro
388,250104000599,SAA,2025,4,2025-04-02,PITUBA,Urbana,-12.9982542,-38.4586329,Turbidez (uT),"0,02",SISTEMA DE DISTRIBUIÇÃO,Cavalete/Hidrômetro
389,250104000611,SAA,2025,4,2025-04-03,CAIXA D'AGUA,Urbana,-12.9569299,-38.4954377,Turbidez (uT),"0,02",SISTEMA DE DISTRIBUIÇÃO,Reservatório de distribuição
390,250104000673,SAA,2025,4,2025-04-09,BOCA DO RIO,Urbana,-12.9735981,-38.4259731,Turbidez (uT),"0,02",ESTAÇÃO DE TRATAMENTO DE ÁGUA,Saída de tratamento/pós-desinfecção
391,250104000587,SAA,2025,4,2025-04-02,PATAMARES,Urbana,-12.94097,-38.40252,Turbidez (uT),"0,02",INTRA-DOMICILIAR / INTRA-PREDIAL,Torneira após a reservação
392,250104000607,SAA,2025,4,2025-04-03,IAPI,Urbana,-12.9550121,-38.479657,Turbidez (uT),"0,02",SISTEMA DE DISTRIBUIÇÃO,Cavalete/Hidrômetro
393,250104000587,SAA,2025,4,2025-04-02,PATAMARES,Urbana,-12.94097,-38.40252,Cloro residual livre (mg/L),"0,43",INTRA-DOMICILIAR / INTRA-PREDIAL,Torneira após a reservação
394,250104000580,SAA,2025,4,2025-04-01,BROTAS,Urbana,-12.9774119,-38.4994044,Cloro residual livre (mg/L),"2,07",SISTEMA DE DISTRIBUIÇÃO,Cavalete/Hidrômetro
395,250104000627,SAA,2025,4,2025-04-03,AGUAS CLARAS,Urbana,-12.8937081,-38.440751,Cloro residual livre (mg/L),"2,12",SISTEMA DE DISTRIBUIÇÃO,Reservatório de distribuição
396,250104000624,SAA,2025,4,2025-04-03,SETE PORTAS,Urbana,-12.9686314,-38.4967082,Cloro residual livre (mg/L),"1,39",SISTEMA DE DISTRIBUIÇÃO,Cavalete/Hidrômetro
397,250104000607,SAA,2025,4,2025-04-03,IAPI,Urbana,-12.9550121,-38.479657,Cloro residual livre (mg/L),"3,31",SISTEMA DE DISTRIBUIÇÃO,Cavalete/Hidrômetro
398,250104000621,SAA,2025,4,2025-04-03,COSME DE FARIAS,Urbana,-12.9811113,-38.4887994,Cloro residual livre (mg/L),"2,30",SISTEMA DE DISTRIBUIÇÃO,Cavalete/Hidrômetro
399,250104000606,SAA,2025,4,2025-04-03,IAPI,Urbana,-12.9571707,-38.4878926,Cloro residual livre (mg/L),"1,57",SISTEMA DE DISTRIBUIÇÃO,Cavalete/Hidrômetro
400,250104000608,SAA,2025,4,2025-04-03,IAPI,Urbana,-12.9583341,-38.4772231,Cloro residual livre (mg/L),"1,06",SISTEMA DE DISTRIBUIÇÃO,Cavalete/Hidrômetro
401,250104000612,SAA,2025,4,2025-04-03,CAIXA D'AGUA,Urbana,-12.9569506,-38.4955638,Cloro residual livre (mg/L),"0,26",SISTEMA DE DISTRIBUIÇÃO,Cavalete/Hidrômetro
402,250104000620,SAA,2025,4,2025-04-03,BROTAS,Urbana,-12.9810131,-38.5005866,Cloro residual livre (mg/L),"2,07",SISTEMA DE DISTRIBUIÇÃO,Cavalete/Hidrômetro
403,250104000619,SAA,2025,4,2025-04-03,DANIEL LISBOA,Urbana,-12.9852761,-38.488064,Cloro residual livre (mg/L),"2,08",SISTEMA DE DISTRIBUIÇÃO,Cavalete/Hidrômetro
404,250104000618,SAA,2025,4,2025-04-03,BROTAS,Urbana,-12.9907486,-38.485112,Cloro residual livre (mg/L),"1,67",SISTEMA DE DISTRIBUIÇÃO,Cavalete/Hidrômetro
405,250104000611,SAA,2025,4,2025-04-03,CAIXA D'AGUA,Urbana,-12.9569299,-38.4954377,Cloro residual livre (mg/L),"0,79",SISTEMA DE DISTRIBUIÇÃO,Reservatório de distribuição
406,250104000616,SAA,2025,4,2025-04-03,CAMPINAS DE BROTAS,Urbana,-12.9822708,-38.4778317,Cloro residual livre (mg/L),"1,93",SISTEMA DE DISTRIBUIÇÃO,Reservatório de distribuição
407,250104000692,SAA,2025,4,2025-04-10,ROMA,Urbana,-12.934831,-38.5088189,Cloro residual livre (mg/L),"0,25",SISTEMA DE DISTRIBUIÇÃO,Cavalete/Hidrômetro
408,250104000595,SAA,2025,4,2025-04-02,GARCIA,Urbana,-13.0061873,-38.5007207,Cloro residual livre (mg/L),"2,82",SISTEMA DE DISTRIBUIÇÃO,Reservatório de distribuição
409,250104000682,SAA,2025,4,2025-04-09,RIO VERMELHO,Urbana,-13.0006594,-38.4807493,Cloro residual livre (mg/L),"1,90",SISTEMA DE DISTRIBUIÇÃO,Cavalete/Hidrômetro
410,250104000719,SAA,2025,4,2025-04-14,BARRA,Urbana,-13.0061928,-38.5328391,Cloro residual livre (mg/L),"0,61",SISTEMA DE DISTRIBUIÇÃO,Cavalete/Hidrômetro
411,250104000672,SAA,2025,4,2025-04-09,BOCA DO RIO,Urbana,-12.9735981,-38.4259731,Cloro residual livre (mg/L),"1,13",ESTAÇÃO DE TRATAMENTO DE ÁGUA,Saída de tratamento/pós-desinfecção
412,250104000630,SAA,2025,4,2025-04-07,CAJAZEIRAS,Urbana,-12.8865546,-38.419571,Cloro residual livre (mg/L),"3,19",SISTEMA DE DISTRIBUIÇÃO,Cavalete/Hidrômetro
413,250104000631,SAA,2025,4,2025-04-07,CAJAZEIRAS,Urbana,-12.8979121,-38.4129377,Cloro residual livre (mg/L),"3,44",SISTEMA DE DISTRIBUIÇÃO,Cavalete/Hidrômetro
414,250104000643,SAA,2025,4,2025-04-07,MATA ESCURA,Urbana,-12.9312127,-38.4578836,Cloro residual livre (mg/L),"2,30",SISTEMA DE DISTRIBUIÇÃO,Cavalete/Hidrômetro
415,250104000629,SAA,2025,4,2025-04-07,AGUAS CLARAS,Urbana,-12.8887609,-38.4208856,Cloro residual livre (mg/L),"1,25",SISTEMA DE DISTRIBUIÇÃO,Cavalete/Hidrômetro
416,250104000628,SAA,2025,4,2025-04-03,AGUAS CLARAS,Urbana,-12.8937081,-38.440751,Cloro residual livre (mg/L),"2,95",SISTEMA DE DISTRIBUIÇÃO,Reservatório de distribuição
417,250104000644,SAA,2025,4,2025-04-07,SUSSUARANA,Urbana,-12.9330548,-38.4451906,Cloro residual livre (mg/L),"2,98",SISTEMA DE DISTRIBUIÇÃO,Cavalete/Hidrômetro
418,250104000657,SAA,2025,4,2025-04-08,SAO MARCOS,Urbana,-12.9331497,-38.8442065,Cloro residual livre (mg/L),"6,1",SISTEMA DE DISTRIBUIÇÃO,Cavalete/Hidrômetro
419,250104000665,SAA,2025,4,2025-04-08,SAO CAETANO,Urbana,-12.9334698,-38.4828891,Cloro residual livre (mg/L),"1,16",SISTEMA DE DISTRIBUIÇÃO,Cavalete/Hidrômetro
420,250104000659,SAA,2025,4,2025-04-08,FAZENDA GRANDE DO RETIRO,Urbana,-12.9537196,-38.4751009,Cloro residual livre (mg/L),"1,56",SISTEMA DE DISTRIBUIÇÃO,Cavalete/Hidrômetro
421,250104000724,SAA,2025,4,2025-04-14,FEDERACAO,Urbana,-12.9973266,-38.5155015,Cloro residual livre (mg/L),"2,00",SISTEMA DE DISTRIBUIÇÃO,Cavalete/Hidrômetro
422,250104000705,SAA,2025,4,2025-04-10,PELOURINHO,Urbana,-12.9730867,-38.5086675,Cloro residual livre (mg/L),"1,00",SISTEMA DE DISTRIBUIÇÃO,Cavalete/Hidrômetro
423,250104000701,SAA,2025,4,2025-04-10,NAZARE,Urbana,-12.9722076,-38.5015539,Cloro residual livre (mg/L),"2,08",SISTEMA DE DISTRIBUIÇÃO,Cavalete/Hidrômetro
424,250104000722,SAA,2025,4,2025-04-14,CANELA,Urbana,-12.9951074,-38.5231869,Cloro residual livre (mg/L),"1,80",SISTEMA DE DISTRIBUIÇÃO,Cavalete/Hidrômetro
425,250104000717,SAA,2025,4,2025-04-14,JARDIM APIPEMA,Urbana,-13.0055148,-38.5180584,Cloro residual livre (mg/L),"1,49",SISTEMA DE DISTRIBUIÇÃO,Cavalete/Hidrômetro
426,250104000605,SAA,2025,4,2025-04-03,CIDADE NOVA,Urbana,-12.9650303,-38.4841701,Cloro residual livre (mg/L),"1,68",SISTEMA DE DISTRIBUIÇÃO,Cavalete/Hidrômetro
427,250104000567,SAA,2025,4,2025-04-01,PIATA,Urbana,-12.941216,-38.385991,Cloro residual livre (mg/L),"4,53",SISTEMA DE DISTRIBUIÇÃO,Cavalete/Hidrômetro
428,250104000578,SAA,2025,4,2025-04-01,ENGENHO VELHO DE BROTAS,Urbana,-12.9881932,-38.5008212,Cloro residual livre (mg/L),"1,88",SISTEMA DE DISTRIBUIÇÃO,Cavalete/Hidrômetro
429,250104000590,SAA,2025,4,2025-04-02,PATAMARES,Urbana,-12.94097,-38.40252,Cloro residual livre (mg/L),"1,06",INTRA-DOMICILIAR / INTRA-PREDIAL,Torneira após a reservação
430,250104000639,SAA,2025,4,2025-04-07,NARANDIBA,Urbana,-12.953021,-38.4488291,Cloro residual livre (mg/L),"2,64",SISTEMA DE DISTRIBUIÇÃO,Cavalete/Hidrômetro
431,250104000601,SAA,2025,4,2025-04-02,PITUBA,Urbana,-13.0031564,-38.4592216,Cloro residual livre (mg/L),"2,03",SISTEMA DE DISTRIBUIÇÃO,Cavalete/Hidrômetro
432,250104000613,SAA,2025,4,2025-04-03,LIBERDADE,Urbana,-12.9495478,-38.4959448,Cloro residual livre (mg/L),"2,14",SISTEMA DE DISTRIBUIÇÃO,Cavalete/Hidrômetro
433,250104000583,SAA,2025,4,2025-04-01,CAMPINAS DE BROTAS,Urbana,-12.9822708,-38.4778317,Cloro residual livre (mg/L),"2,01",SISTEMA DE DISTRIBUIÇÃO,Reservatório de distribuição
434,250104000572,SAA,2025,4,2025-04-01,MUSSURUNGA I,Urbana,-12.9128005,-38.368435,Cloro residual livre (mg/L),"2,56",SISTEMA DE DISTRIBUIÇÃO,Cavalete/Hidrômetro
435,250104000647,SAA,2025,4,2025-04-08,CASTELO BRANCO,Urbana,-12.9043897,-38.4408708,Cloro residual livre (mg/L),"3,30",SISTEMA DE DISTRIBUIÇÃO,Cavalete/Hidrômetro
436,250104000648,SAA,2025,4,2025-04-08,CASTELO BRANCO,Urbana,-12.9013049,-38.4322287,Cloro residual livre (mg/L),"2,87",SISTEMA DE DISTRIBUIÇÃO,Cavalete/Hidrômetro
437,250104000673,SAA,2025,4,2025-04-09,BOCA DO RIO,Urbana,-12.9735981,-38.4259731,Cloro residual livre (mg/L),"3,24",ESTAÇÃO DE TRATAMENTO DE ÁGUA,Saída de tratamento/pós-desinfecção
438,250104000622,SAA,2025,4,2025-04-03,MATATU,Urbana,-12.9771454,-38.4951725,Cloro residual livre (mg/L),"1,80",SISTEMA DE DISTRIBUIÇÃO,Reservatório de distribuição
439,250104000703,SAA,2025,4,2025-04-10,NAZARE,Urbana,-12.9717935,-38.5024859,Cloro residual livre (mg/L),"2,64",SISTEMA DE DISTRIBUIÇÃO,Cavalete/Hidrômetro
440,250104000704,SAA,2025,4,2025-04-10,SANTO ANTÔNIO ALÉM DO CARMO,Urbana,-12.9672411,-38.5051227,Cloro residual livre (mg/L),"0,99",SISTEMA DE DISTRIBUIÇÃO,Cavalete/Hidrômetro
441,250104000699,SAA,2025,4,2025-04-10,NAZARE,Urbana,-12.9788937,-38.5082991,Cloro residual livre (mg/L),"2,21",SISTEMA DE DISTRIBUIÇÃO,Cavalete/Hidrômetro
442,250104000585,SAA,2025,4,2025-04-01,COSME DE FARIAS,Urbana,-12.9765849,-38.4880004,Cloro residual livre (mg/L),"2,42",SISTEMA DE DISTRIBUIÇÃO,Cavalete/Hidrômetro
443,250104000698,SAA,2025,4,2025-04-10,TORORO,Urbana,-12.9830904,-38.5088441,Cloro residual livre (mg/L),"1,76",SISTEMA DE DISTRIBUIÇÃO,Cavalete/Hidrômetro
444,250104000681,SAA,2025,4,2025-04-09,RIO VERMELHO,Urbana,-13.0120405,-38.4882229,Cloro residual livre (mg/L),"1,82",SISTEMA DE DISTRIBUIÇÃO,Cavalete/Hidrômetro
445,250104000676,SAA,2025,4,2025-04-09,BOCA DO RIO,Urbana,-12.9786105,-38.4322751,Cloro residual livre (mg/L),"1,97",SISTEMA DE DISTRIBUIÇÃO,Cavalete/Hidrômetro
446,250104000666,SAA,2025,4,2025-04-08,BOA VISTA DE SAO CAETANO,Urbana,-12.9291007,-38.4775421,Cloro residual livre (mg/L),"2,15",SISTEMA DE DISTRIBUIÇÃO,Cavalete/Hidrômetro
447,250104000687,SAA,2025,4,2025-04-10,VILA RUY BARBOSA,Urbana,-12.9318587,-38.5016477,Cloro residual livre (mg/L),"0,21",SISTEMA DE DISTRIBUIÇÃO,Cavalete/Hidrômetro
448,250104000688,SAA,2025,4,2025-04-10,RIBEIRA,Urbana,-12.9177793,-38.5009462,Cloro residual livre (mg/L),"0,79",SISTEMA DE DISTRIBUIÇÃO,Cavalete/Hidrômetro
449,250104000661,SAA,2025,4,2025-04-08,FAZENDA GRANDE DO RETIRO,Urbana,-12.9492616,-38.4741039,Cloro residual livre (mg/L),"2,09",SISTEMA DE DISTRIBUIÇÃO,Cavalete/Hidrômetro
450,250104000693,SAA,2025,4,2025-04-10,BONFIM,Urbana,-12.9353356,-38.5078683,Cloro residual livre (mg/L),"1,83",SISTEMA DE DISTRIBUIÇÃO,Cavalete/Hidrômetro
451,250104000655,SAA,2025,4,2025-04-08,CANABRAVA,Urbana,-12.9252757,-38.4197364,Cloro residual livre (mg/L),"2,67",SISTEMA DE DISTRIBUIÇÃO,Cavalete/Hidrômetro
452,250104000694,SAA,2025,4,2025-04-10,BOA VIAGEM,Urbana,-12.9356721,-38.5098254,Cloro residual livre (mg/L),"1,96",SISTEMA DE DISTRIBUIÇÃO,Cavalete/Hidrômetro
453,250104000653,SAA,2025,4,2025-04-08,NOVA BRASILIA,Urbana,-12.9175416,-38.4086382,Cloro residual livre (mg/L),"2,55",SISTEMA DE DISTRIBUIÇÃO,Cavalete/Hidrômetro
454,250104000650,SAA,2025,4,2025-04-08,PAU DA LIMA,Urbana,-12.91594,-38.4436263,Cloro residual livre (mg/L),"3,63",SISTEMA DE DISTRIBUIÇÃO,Cavalete/Hidrômetro
455,250104000651,SAA,2025,4,2025-04-08,SAO MARCOS,Urbana,-12.9254223,-38.4359021,Cloro residual livre (mg/L),"2,69",SISTEMA DE DISTRIBUIÇÃO,Cavalete/Hidrômetro
456,250104000576,SAA,2025,4,2025-04-01,BROTAS,Urbana,-12.99608,-38.48983,Cloro residual livre (mg/L),"1,95",SISTEMA DE DISTRIBUIÇÃO,Cavalete/Hidrômetro
457,250104000582,SAA,2025,4,2025-04-01,CAMPINAS DE BROTAS,Urbana,-12.9822708,-38.4778317,Cloro residual livre (mg/L),"2,33",SISTEMA DE DISTRIBUIÇÃO,Reservatório de distribuição
458,250104000570,SAA,2025,4,2025-04-01,MUSSURUNGA II,Urbana,-12.9212027,-38.3729963,Cloro residual livre (mg/L),"4,30",SISTEMA DE DISTRIBUIÇÃO,Cavalete/Hidrômetro
459,250104000662,SAA,2025,4,2025-04-08,FAZENDA GRANDE DO RETIRO,Urbana,-12.9503658,-38.4762532,Cloro residual livre (mg/L),"1,53",SISTEMA DE DISTRIBUIÇÃO,Cavalete/Hidrômetro
460,250104000660,SAA,2025,4,2025-04-08,BOM JUA,Urbana,-12.9402491,-38.4748667,Cloro residual livre (mg/L),"1,79",SISTEMA DE DISTRIBUIÇÃO,Cavalete/Hidrômetro
461,250104000686,SAA,2025,4,2025-04-10,URUGUAI,Urbana,-12.9380932,-38.4999194,Cloro residual livre (mg/L),"1,18",SISTEMA DE DISTRIBUIÇÃO,Cavalete/Hidrômetro
462,250104000691,SAA,2025,4,2025-04-10,BONFIM,Urbana,-12.9300624,-38.5107076,Cloro residual livre (mg/L),"1,17",SISTEMA DE DISTRIBUIÇÃO,Cavalete/Hidrômetro
463,250104000649,SAA,2025,4,2025-04-08,VILA CANARIA,Urbana,-12.9123519,-38.4432356,Cloro residual livre (mg/L),"3,34",SISTEMA DE DISTRIBUIÇÃO,Cavalete/Hidrômetro
464,250104000706,SAA,2025,4,2025-04-10,COMERCIO,Urbana,-12.9675548,-38.5104299,Cloro residual livre (mg/L),"0,77",SISTEMA DE DISTRIBUIÇÃO,Cavalete/Hidrômetro
465,250104000680,SAA,2025,4,2025-04-09,RIO VERMELHO,Urbana,-13.0159885,-38.486434,Cloro residual livre (mg/L),"1,28",SISTEMA DE DISTRIBUIÇÃO,Cavalete/Hidrômetro
466,250104000674,SAA,2025,4,2025-04-09,BOCA DO RIO,Urbana,-12.9737117,-38.4324085,Cloro residual livre (mg/L),"3,54",SISTEMA DE DISTRIBUIÇÃO,Cavalete/Hidrômetro
467,250104000615,SAA,2025,4,2025-04-03,LIBERDADE,Urbana,-12.9445887,-38.4913701,Cloro residual livre (mg/L),"0,23",SISTEMA DE DISTRIBUIÇÃO,Cavalete/Hidrômetro
468,250104000596,SAA,2025,4,2025-04-02,BARRIS,Urbana,-12.989951,-38.5119076,Cloro residual livre (mg/L),"2,02",SISTEMA DE DISTRIBUIÇÃO,Cavalete/Hidrômetro
469,250104000573,SAA,2025,4,2025-04-01,SAO CRISTOVAO,Urbana,-12.9108684,-38.354817,Cloro residual livre (mg/L),"2,87",SISTEMA DE DISTRIBUIÇÃO,Cavalete/Hidrômetro
470,250104000669,SAA,2025,4,2025-04-09,PARALELA,Urbana,-12.9565084,-38.4291786,Cloro residual livre (mg/L),"1,35",SISTEMA DE DISTRIBUIÇÃO,Cavalete/Hidrômetro
471,250104000610,SAA,2025,4,2025-04-03,CAIXA D'AGUA,Urbana,-12.957181,-38.493831,Cloro residual livre (mg/L),"2,03",SISTEMA DE DISTRIBUIÇÃO,Cavalete/Hidrômetro
472,250104000696,SAA,2025,4,2025-04-10,CENTRO,Urbana,-12.985381,-38.5190515,Cloro residual livre (mg/L),"1,60",SISTEMA DE DISTRIBUIÇÃO,Cavalete/Hidrômetro
473,250104000663,SAA,2025,4,2025-04-08,FAZENDA GRANDE DO RETIRO,Urbana,-12.9431764,-38.4804076,Cloro residual livre (mg/L),"1,46",SISTEMA DE DISTRIBUIÇÃO,Cavalete/Hidrômetro
474,250104000609,SAA,2025,4,2025-04-03,BARROS REIS,Urbana,-12.9670275,-38.4802795,Cloro residual livre (mg/L),"1,45",SISTEMA DE DISTRIBUIÇÃO,Cavalete/Hidrômetro
475,250104000658,SAA,2025,4,2025-04-08,PAU DA LIMA,Urbana,-12.9287618,-38.430412,Cloro residual livre (mg/L),"2,55",SISTEMA DE DISTRIBUIÇÃO,Cavalete/Hidrômetro
476,250104000670,SAA,2025,4,2025-04-09,PARALELA,Urbana,-12.9514076,-38.4297578,Cloro residual livre (mg/L),"0,20",SISTEMA DE DISTRIBUIÇÃO,Cavalete/Hidrômetro
477,250104000689,SAA,2025,4,2025-04-10,BONFIM,Urbana,-12.9232008,-38.5063617,Cloro residual livre (mg/L),"1,63",SISTEMA DE DISTRIBUIÇÃO,Cavalete/Hidrômetro
478,250104000671,SAA,2025,4,2025-04-09,IMBUI,Urbana,-12.9695384,-38.4323755,Cloro residual livre (mg/L),"2,63",SISTEMA DE DISTRIBUIÇÃO,Cavalete/Hidrômetro
479,250104000715,SAA,2025,4,2025-04-14,ESTRADA DAS BARREIRAS,Urbana,-12.9430904,-38.45712,Cloro residual livre (mg/L),"2,49",SISTEMA DE DISTRIBUIÇÃO,Cavalete/Hidrômetro
480,250104000598,SAA,2025,4,2025-04-02,ITAIGARA,Urbana,-12.996705,-38.4620204,Cloro residual livre (mg/L),"1,98",SISTEMA DE DISTRIBUIÇÃO,Cavalete/Hidrômetro
481,250104000579,SAA,2025,4,2025-04-01,ENGENHO VELHO DE BROTAS,Urbana,-12.9844187,-38.5035581,Cloro residual livre (mg/L),"1,69",SISTEMA DE DISTRIBUIÇÃO,Cavalete/Hidrômetro
482,250104000679,SAA,2025,4,2025-04-09,COSTA AZUL,Urbana,-12.9852244,-38.4374353,Cloro residual livre (mg/L),"1,19",SISTEMA DE DISTRIBUIÇÃO,Cavalete/Hidrômetro
483,250104000695,SAA,2025,4,2025-04-10,BARRIS,Urbana,-12.9870789,-38.5140829,Cloro residual livre (mg/L),"1,49",SISTEMA DE DISTRIBUIÇÃO,Cavalete/Hidrômetro
484,250104000700,SAA,2025,4,2025-04-10,NAZARE,Urbana,-12.9746323,-38.502258,Cloro residual livre (mg/L),"1,56",SISTEMA DE DISTRIBUIÇÃO,Cavalete/Hidrômetro
485,250104000646,SAA,2025,4,2025-04-07,CABULA,Urbana,-12.9585879,-38.4673789,Cloro residual livre (mg/L),"1,92",SISTEMA DE DISTRIBUIÇÃO,Reservatório de distribuição
486,250104000678,SAA,2025,4,2025-04-09,JARDIM ARMAÇÃO,Urbana,-12.9963548,-38.4497756,Cloro residual livre (mg/L),"1,35",SISTEMA DE DISTRIBUIÇÃO,Cavalete/Hidrômetro
487,250104000675,SAA,2025,4,2025-04-09,BOCA DO RIO,Urbana,-12.9797437,-38.436922,Cloro residual livre (mg/L),"0,08",SISTEMA DE DISTRIBUIÇÃO,Cavalete/Hidrômetro
488,250104000677,SAA,2025,4,2025-04-09,STIEP,Urbana,-12.9802634,-38.4491574,Cloro residual livre (mg/L),"1,92",SISTEMA DE DISTRIBUIÇÃO,Cavalete/Hidrômetro
489,250104000599,SAA,2025,4,2025-04-02,PITUBA,Urbana,-12.9982542,-38.4586329,Cloro residual livre (mg/L),"1,23",SISTEMA DE DISTRIBUIÇÃO,Cavalete/Hidrômetro
490,250104000725,SAA,2025,4,2025-04-14,FEDERACAO,Urbana,-12.9977651,-38.5130478,Cloro residual livre (mg/L),"1,72",SISTEMA DE DISTRIBUIÇÃO,Cavalete/Hidrômetro
491,250104000600,SAA,2025,4,2025-04-02,PITUBA,Urbana,-12.9875764,-38.450551,Cloro residual livre (mg/L),"2,57",SISTEMA DE DISTRIBUIÇÃO,Cavalete/Hidrômetro
492,250104000589,SAA,2025,4,2025-04-02,PATAMARES,Urbana,-12.94097,-38.40252,Cloro residual livre (mg/L),"0,80",INTRA-DOMICILIAR / INTRA-PREDIAL,Torneira após a reservação
493,250104000590,SAA,2025,4,2025-04-02,PATAMARES,Urbana,-12.94097,-38.40252,Coliformes totais,AUSENTE,INTRA-DOMICILIAR / INTRA-PREDIAL,Torneira após a reservação
494,250104000595,SAA,2025,4,2025-04-02,GARCIA,Urbana,-13.0061873,-38.5007207,Coliformes totais,AUSENTE,SISTEMA DE DISTRIBUIÇÃO,Reservatório de distribuição
495,250104000619,SAA,2025,4,2025-04-03,DANIEL LISBOA,Urbana,-12.9852761,-38.488064,Coliformes totais,AUSENTE,SISTEMA DE DISTRIBUIÇÃO,Cavalete/Hidrômetro
496,250104000583,SAA,2025,4,2025-04-01,CAMPINAS DE BROTAS,Urbana,-12.9822708,-38.4778317,Coliformes totais,AUSENTE,SISTEMA DE DISTRIBUIÇÃO,Reservatório de distribuição
497,250104000615,SAA,2025,4,2025-04-03,LIBERDADE,Urbana,-12.9445887,-38.4913701,Coliformes totais,AUSENTE,SISTEMA DE DISTRIBUIÇÃO,Cavalete/Hidrômetro
498,250104000616,SAA,2025,4,2025-04-03,CAMPINAS DE BROTAS,Urbana,-12.9822708,-38.4778317,Coliformes totais,AUSENTE,SISTEMA DE DISTRIBUIÇÃO,Reservatório de distribuição
499,250104000697,SAA,2025,4,2025-04-10,NAZARE,Urbana,-12.9809618,-38.5117067,Coliformes totais,AUSENTE,SISTEMA DE DISTRIBUIÇÃO,Cavalete/Hidrômetro
500,250104000627,SAA,2025,4,2025-04-03,AGUAS CLARAS,Urbana,-12.8937081,-38.440751,Coliformes totais,AUSENTE,SISTEMA DE DISTRIBUIÇÃO,Reservatório de distribuição
501,250104000693,SAA,2025,4,2025-04-10,BONFIM,Urbana,-12.9353356,-38.5078683,Coliformes totais,AUSENTE,SISTEMA DE DISTRIBUIÇÃO,Cavalete/Hidrômetro
502,250104000622,SAA,2025,4,2025-04-03,MATATU,Urbana,-12.9771454,-38.4951725,Coliformes totais,AUSENTE,SISTEMA DE DISTRIBUIÇÃO,Reservatório de distribuição
503,250104000625,SAA,2025,4,2025-04-03,VASCO DA GAMA,Urbana,-12.9916326,-38.5020801,Coliformes totais,AUSENTE,SISTEMA DE DISTRIBUIÇÃO,Cavalete/Hidrômetro
504,250104000573,SAA,2025,4,2025-04-01,SAO CRISTOVAO,Urbana,-12.9108684,-38.354817,Coliformes totais,AUSENTE,SISTEMA DE DISTRIBUIÇÃO,Cavalete/Hidrômetro
505,250104000586,SAA,2025,4,2025-04-02,PATAMARES,Urbana,-12.94097,-38.40252,Coliformes totais,AUSENTE,INTRA-DOMICILIAR / INTRA-PREDIAL,Torneira após a reservação
506,250104000577,SAA,2025,4,2025-04-01,ACUPE DE BROTAS,Urbana,-12.9877296,-38.4967736,Coliformes totais,AUSENTE,SISTEMA DE DISTRIBUIÇÃO,Cavalete/Hidrômetro
507,250104000692,SAA,2025,4,2025-04-10,ROMA,Urbana,-12.934831,-38.5088189,Coliformes totais,AUSENTE,SISTEMA DE DISTRIBUIÇÃO,Cavalete/Hidrômetro
508,250104000567,SAA,2025,4,2025-04-01,PIATA,Urbana,-12.941216,-38.385991,Coliformes totais,AUSENTE,SISTEMA DE DISTRIBUIÇÃO,Cavalete/Hidrômetro
509,250104000572,SAA,2025,4,2025-04-01,MUSSURUNGA I,Urbana,-12.9128005,-38.368435,Coliformes totais,AUSENTE,SISTEMA DE DISTRIBUIÇÃO,Cavalete/Hidrômetro
510,250104000579,SAA,2025,4,2025-04-01,ENGENHO VELHO DE BROTAS,Urbana,-12.9844187,-38.5035581,Coliformes totais,AUSENTE,SISTEMA DE DISTRIBUIÇÃO,Cavalete/Hidrômetro
511,250104000598,SAA,2025,4,2025-04-02,ITAIGARA,Urbana,-12.996705,-38.4620204,Coliformes totais,AUSENTE,SISTEMA DE DISTRIBUIÇÃO,Cavalete/Hidrômetro
512,250104000600,SAA,2025,4,2025-04-02,PITUBA,Urbana,-12.9875764,-38.450551,Coliformes totais,AUSENTE,SISTEMA DE DISTRIBUIÇÃO,Cavalete/Hidrômetro
513,250104000628,SAA,2025,4,2025-04-03,AGUAS CLARAS,Urbana,-12.8937081,-38.440751,Coliformes totais,AUSENTE,SISTEMA DE DISTRIBUIÇÃO,Reservatório de distribuição
514,250104000666,SAA,2025,4,2025-04-08,BOA VISTA DE SAO CAETANO,Urbana,-12.9291007,-38.4775421,Coliformes totais,AUSENTE,SISTEMA DE DISTRIBUIÇÃO,Cavalete/Hidrômetro
515,250104000722,SAA,2025,4,2025-04-14,CANELA,Urbana,-12.9951074,-38.5231869,Coliformes totais,AUSENTE,SISTEMA DE DISTRIBUIÇÃO,Cavalete/Hidrômetro
516,250104000661,SAA,2025,4,2025-04-08,FAZENDA GRANDE DO RETIRO,Urbana,-12.9492616,-38.4741039,Coliformes totais,AUSENTE,SISTEMA DE DISTRIBUIÇÃO,Cavalete/Hidrômetro
517,250104000578,SAA,2025,4,2025-04-01,ENGENHO VELHO DE BROTAS,Urbana,-12.9881932,-38.5008212,Coliformes totais,AUSENTE,SISTEMA DE DISTRIBUIÇÃO,Cavalete/Hidrômetro
518,250104000675,SAA,2025,4,2025-04-09,BOCA DO RIO,Urbana,-12.9797437,-38.436922,Coliformes totais,AUSENTE,SISTEMA DE DISTRIBUIÇÃO,Cavalete/Hidrômetro
519,250104000680,SAA,2025,4,2025-04-09,RIO VERMELHO,Urbana,-13.0159885,-38.486434,Coliformes totais,AUSENTE,SISTEMA DE DISTRIBUIÇÃO,Cavalete/Hidrômetro
520,250104000647,SAA,2025,4,2025-04-08,CASTELO BRANCO,Urbana,-12.9043897,-38.4408708,Coliformes totais,AUSENTE,SISTEMA DE DISTRIBUIÇÃO,Cavalete/Hidrômetro
521,250104000644,SAA,2025,4,2025-04-07,SUSSUARANA,Urbana,-12.9330548,-38.4451906,Coliformes totais,AUSENTE,SISTEMA DE DISTRIBUIÇÃO,Cavalete/Hidrômetro
522,250104000621,SAA,2025,4,2025-04-03,COSME DE FARIAS,Urbana,-12.9811113,-38.4887994,Coliformes totais,AUSENTE,SISTEMA DE DISTRIBUIÇÃO,Cavalete/Hidrômetro
523,250104000581,SAA,2025,4,2025-04-01,BROTAS,Urbana,-12.9896525,-38.4886652,Coliformes totais,AUSENTE,SISTEMA DE DISTRIBUIÇÃO,Cavalete/Hidrômetro
524,250104000570,SAA,2025,4,2025-04-01,MUSSURUNGA II,Urbana,-12.9212027,-38.3729963,Coliformes totais,AUSENTE,SISTEMA DE DISTRIBUIÇÃO,Cavalete/Hidrômetro
525,250104000648,SAA,2025,4,2025-04-08,CASTELO BRANCO,Urbana,-12.9013049,-38.4322287,Coliformes totais,AUSENTE,SISTEMA DE DISTRIBUIÇÃO,Cavalete/Hidrômetro
526,250104000631,SAA,2025,4,2025-04-07,CAJAZEIRAS,Urbana,-12.8979121,-38.4129377,Coliformes totais,AUSENTE,SISTEMA DE DISTRIBUIÇÃO,Cavalete/Hidrômetro
527,250104000660,SAA,2025,4,2025-04-08,BOM JUA,Urbana,-12.9402491,-38.4748667,Coliformes totais,AUSENTE,SISTEMA DE DISTRIBUIÇÃO,Cavalete/Hidrômetro
528,250104000689,SAA,2025,4,2025-04-10,BONFIM,Urbana,-12.9232008,-38.5063617,Coliformes totais,AUSENTE,SISTEMA DE DISTRIBUIÇÃO,Cavalete/Hidrômetro
529,250104000663,SAA,2025,4,2025-04-08,FAZENDA GRANDE DO RETIRO,Urbana,-12.9431764,-38.4804076,Coliformes totais,AUSENTE,SISTEMA DE DISTRIBUIÇÃO,Cavalete/Hidrômetro
530,250104000669,SAA,2025,4,2025-04-09,PARALELA,Urbana,-12.9565084,-38.4291786,Coliformes totais,AUSENTE,SISTEMA DE DISTRIBUIÇÃO,Cavalete/Hidrômetro
531,250104000643,SAA,2025,4,2025-04-07,MATA ESCURA,Urbana,-12.9312127,-38.4578836,Coliformes totais,AUSENTE,SISTEMA DE DISTRIBUIÇÃO,Cavalete/Hidrômetro
532,250104000640,SAA,2025,4,2025-04-07,TANCREDO NEVES,Urbana,-12.9456707,-38.4466258,Coliformes totais,AUSENTE,SISTEMA DE DISTRIBUIÇÃO,Cavalete/Hidrômetro
533,250104000630,SAA,2025,4,2025-04-07,CAJAZEIRAS,Urbana,-12.8865546,-38.419571,Coliformes totais,AUSENTE,SISTEMA DE DISTRIBUIÇÃO,Cavalete/Hidrômetro
534,250104000584,SAA,2025,4,2025-04-01,CAMPINAS DE BROTAS,Urbana,-12.9811285,-38.4765116,Coliformes totais,AUSENTE,SISTEMA DE DISTRIBUIÇÃO,Cavalete/Hidrômetro
535,250104000589,SAA,2025,4,2025-04-02,PATAMARES,Urbana,-12.94097,-38.40252,Coliformes totais,AUSENTE,INTRA-DOMICILIAR / INTRA-PREDIAL,Torneira após a reservação
536,250104000566,SAA,2025,4,2025-04-01,PATAMARES,Urbana,-12.9574916,-38.400895,Coliformes totais,AUSENTE,SISTEMA DE DISTRIBUIÇÃO,Cavalete/Hidrômetro
537,250104000646,SAA,2025,4,2025-04-07,CABULA,Urbana,-12.9585879,-38.4673789,Coliformes totais,AUSENTE,SISTEMA DE DISTRIBUIÇÃO,Reservatório de distribuição
538,250104000667,SAA,2025,4,2025-04-08,SAO CAETANO,Urbana,-12.9340897,-38.4763333,Coliformes totais,AUSENTE,SISTEMA DE DISTRIBUIÇÃO,Cavalete/Hidrômetro
539,250104000653,SAA,2025,4,2025-04-08,NOVA BRASILIA,Urbana,-12.9175416,-38.4086382,Coliformes totais,AUSENTE,SISTEMA DE DISTRIBUIÇÃO,Cavalete/Hidrômetro
540,250104000612,SAA,2025,4,2025-04-03,CAIXA D'AGUA,Urbana,-12.9569506,-38.4955638,Coliformes totais,AUSENTE,SISTEMA DE DISTRIBUIÇÃO,Cavalete/Hidrômetro
541,250104000694,SAA,2025,4,2025-04-10,BOA VIAGEM,Urbana,-12.9356721,-38.5098254,Coliformes totais,AUSENTE,SISTEMA DE DISTRIBUIÇÃO,Cavalete/Hidrômetro
542,250104000688,SAA,2025,4,2025-04-10,RIBEIRA,Urbana,-12.9177793,-38.5009462,Coliformes totais,AUSENTE,SISTEMA DE DISTRIBUIÇÃO,Cavalete/Hidrômetro
543,250104000655,SAA,2025,4,2025-04-08,CANABRAVA,Urbana,-12.9252757,-38.4197364,Coliformes totais,AUSENTE,SISTEMA DE DISTRIBUIÇÃO,Cavalete/Hidrômetro
544,250104000658,SAA,2025,4,2025-04-08,PAU DA LIMA,Urbana,-12.9287618,-38.430412,Coliformes totais,AUSENTE,SISTEMA DE DISTRIBUIÇÃO,Cavalete/Hidrômetro
545,250104000639,SAA,2025,4,2025-04-07,NARANDIBA,Urbana,-12.953021,-38.4488291,Coliformes totais,AUSENTE,SISTEMA DE DISTRIBUIÇÃO,Cavalete/Hidrômetro
546,250104000705,SAA,2025,4,2025-04-10,PELOURINHO,Urbana,-12.9730867,-38.5086675,Coliformes totais,AUSENTE,SISTEMA DE DISTRIBUIÇÃO,Cavalete/Hidrômetro
547,250104000703,SAA,2025,4,2025-04-10,NAZARE,Urbana,-12.9717935,-38.5024859,Coliformes totais,AUSENTE,SISTEMA DE DISTRIBUIÇÃO,Cavalete/Hidrômetro
548,250104000702,SAA,2025,4,2025-04-10,NAZARE,Urbana,-12.9720626,-38.501378,Coliformes totais,AUSENTE,SISTEMA DE DISTRIBUIÇÃO,Cavalete/Hidrômetro
549,250104000701,SAA,2025,4,2025-04-10,NAZARE,Urbana,-12.9722076,-38.5015539,Coliformes totais,AUSENTE,SISTEMA DE DISTRIBUIÇÃO,Cavalete/Hidrômetro
550,250104000700,SAA,2025,4,2025-04-10,NAZARE,Urbana,-12.9746323,-38.502258,Coliformes totais,AUSENTE,SISTEMA DE DISTRIBUIÇÃO,Cavalete/Hidrômetro
551,250104000681,SAA,2025,4,2025-04-09,RIO VERMELHO,Urbana,-13.0120405,-38.4882229,Coliformes totais,AUSENTE,SISTEMA DE DISTRIBUIÇÃO,Cavalete/Hidrômetro
552,250104000674,SAA,2025,4,2025-04-09,BOCA DO RIO,Urbana,-12.9737117,-38.4324085,Coliformes totais,AUSENTE,SISTEMA DE DISTRIBUIÇÃO,Cavalete/Hidrômetro
553,250104000695,SAA,2025,4,2025-04-10,BARRIS,Urbana,-12.9870789,-38.5140829,Coliformes totais,AUSENTE,SISTEMA DE DISTRIBUIÇÃO,Cavalete/Hidrômetro
554,250104000682,SAA,2025,4,2025-04-09,RIO VERMELHO,Urbana,-13.0006594,-38.4807493,Coliformes totais,AUSENTE,SISTEMA DE DISTRIBUIÇÃO,Cavalete/Hidrômetro
555,250104000679,SAA,2025,4,2025-04-09,COSTA AZUL,Urbana,-12.9852244,-38.4374353,Coliformes totais,AUSENTE,SISTEMA DE DISTRIBUIÇÃO,Cavalete/Hidrômetro
556,250104000678,SAA,2025,4,2025-04-09,JARDIM ARMAÇÃO,Urbana,-12.9963548,-38.4497756,Coliformes totais,AUSENTE,SISTEMA DE DISTRIBUIÇÃO,Cavalete/Hidrômetro
557,250104000677,SAA,2025,4,2025-04-09,STIEP,Urbana,-12.9802634,-38.4491574,Coliformes totais,AUSENTE,SISTEMA DE DISTRIBUIÇÃO,Cavalete/Hidrômetro
558,250104000659,SAA,2025,4,2025-04-08,FAZENDA GRANDE DO RETIRO,Urbana,-12.9537196,-38.4751009,Coliformes totais,AUSENTE,SISTEMA DE DISTRIBUIÇÃO,Cavalete/Hidrômetro
559,250104000671,SAA,2025,4,2025-04-09,IMBUI,Urbana,-12.9695384,-38.4323755,Coliformes totais,AUSENTE,SISTEMA DE DISTRIBUIÇÃO,Cavalete/Hidrômetro
560,250104000604,SAA,2025,4,2025-04-03,BAIXA DE QUINTAS,Urbana,-12.9655171,-38.492633,Coliformes totais,AUSENTE,SISTEMA DE DISTRIBUIÇÃO,Cavalete/Hidrômetro
561,250104000704,SAA,2025,4,2025-04-10,SANTO ANTÔNIO ALÉM DO CARMO,Urbana,-12.9672411,-38.5051227,Coliformes totais,AUSENTE,SISTEMA DE DISTRIBUIÇÃO,Cavalete/Hidrômetro
562,250104000605,SAA,2025,4,2025-04-03,CIDADE NOVA,Urbana,-12.9650303,-38.4841701,Coliformes totais,AUSENTE,SISTEMA DE DISTRIBUIÇÃO,Cavalete/Hidrômetro
563,250104000571,SAA,2025,4,2025-04-01,MUSSURUNGA I,Urbana,-12.9196166,-38.3676906,Coliformes totais,AUSENTE,SISTEMA DE DISTRIBUIÇÃO,Cavalete/Hidrômetro
564,250104000569,SAA,2025,4,2025-04-01,MUSSURUNGA I,Urbana,-12.9174058,-38.3658434,Coliformes totais,AUSENTE,SISTEMA DE DISTRIBUIÇÃO,Cavalete/Hidrômetro
565,250104000575,SAA,2025,4,2025-04-01,HORTO FLORESTAL,Urbana,-12.996216,-38.4880617,Coliformes totais,AUSENTE,SISTEMA DE DISTRIBUIÇÃO,Cavalete/Hidrômetro
566,250104000650,SAA,2025,4,2025-04-08,PAU DA LIMA,Urbana,-12.91594,-38.4436263,Coliformes totais,PRESENTE,SISTEMA DE DISTRIBUIÇÃO,Cavalete/Hidrômetro
567,250104000629,SAA,2025,4,2025-04-07,AGUAS CLARAS,Urbana,-12.8887609,-38.4208856,Coliformes totais,AUSENTE,SISTEMA DE DISTRIBUIÇÃO,Cavalete/Hidrômetro
568,250104000642,SAA,2025,4,2025-04-07,JARDIM SANTO INACIO,Urbana,-12.9299969,-38.461718,Coliformes totais,AUSENTE,SISTEMA DE DISTRIBUIÇÃO,Cavalete/Hidrômetro
569,250104000687,SAA,2025,4,2025-04-10,VILA RUY BARBOSA,Urbana,-12.9318587,-38.5016477,Coliformes totais,AUSENTE,SISTEMA DE DISTRIBUIÇÃO,Cavalete/Hidrômetro
570,250104000620,SAA,2025,4,2025-04-03,BROTAS,Urbana,-12.9810131,-38.5005866,Coliformes totais,AUSENTE,SISTEMA DE DISTRIBUIÇÃO,Cavalete/Hidrômetro
571,250104000609,SAA,2025,4,2025-04-03,BARROS REIS,Urbana,-12.9670275,-38.4802795,Coliformes totais,AUSENTE,SISTEMA DE DISTRIBUIÇÃO,Cavalete/Hidrômetro
572,250104000651,SAA,2025,4,2025-04-08,SAO MARCOS,Urbana,-12.9254223,-38.4359021,Coliformes totais,AUSENTE,SISTEMA DE DISTRIBUIÇÃO,Cavalete/Hidrômetro
573,250104000691,SAA,2025,4,2025-04-10,BONFIM,Urbana,-12.9300624,-38.5107076,Coliformes totais,AUSENTE,SISTEMA DE DISTRIBUIÇÃO,Cavalete/Hidrômetro
574,250104000686,SAA,2025,4,2025-04-10,URUGUAI,Urbana,-12.9380932,-38.4999194,Coliformes totais,AUSENTE,SISTEMA DE DISTRIBUIÇÃO,Cavalete/Hidrômetro
575,250104000649,SAA,2025,4,2025-04-08,VILA CANARIA,Urbana,-12.9123519,-38.4432356,Coliformes totais,AUSENTE,SISTEMA DE DISTRIBUIÇÃO,Cavalete/Hidrômetro
576,250104000668,SAA,2025,4,2025-04-08,SAO CAETANO,Urbana,-12.93527,-38.47578,Coliformes totais,PRESENTE,SISTEMA DE DISTRIBUIÇÃO,Cavalete/Hidrômetro
577,250104000664,SAA,2025,4,2025-04-08,FAZENDA GRANDE DO RETIRO,Urbana,-12.9356566,-38.4821471,Coliformes totais,AUSENTE,SISTEMA DE DISTRIBUIÇÃO,Cavalete/Hidrômetro
578,250104000574,SAA,2025,4,2025-04-01,SAO CRISTOVAO,Urbana,-12.9100858,-38.3528003,Coliformes totais,AUSENTE,SISTEMA DE DISTRIBUIÇÃO,Cavalete/Hidrômetro
579,250104000719,SAA,2025,4,2025-04-14,BARRA,Urbana,-13.0061928,-38.5328391,Coliformes totais,AUSENTE,SISTEMA DE DISTRIBUIÇÃO,Cavalete/Hidrômetro
580,250104000714,SAA,2025,4,2025-04-14,NARANDIBA,Urbana,-12.953021,-38.4488291,Coliformes totais,AUSENTE,SISTEMA DE DISTRIBUIÇÃO,Cavalete/Hidrômetro
581,250104000607,SAA,2025,4,2025-04-03,IAPI,Urbana,-12.9550121,-38.479657,Coliformes totais,AUSENTE,SISTEMA DE DISTRIBUIÇÃO,Cavalete/Hidrômetro
582,250104000711,SAA,2025,4,2025-04-14,SAO GONCALO,Urbana,-12.9514665,-38.4647476,Coliformes totais,AUSENTE,SISTEMA DE DISTRIBUIÇÃO,Cavalete/Hidrômetro
583,250104000708,SAA,2025,4,2025-04-14,RESGATE,Urbana,-12.9603655,-38.4667637,Coliformes totais,AUSENTE,SISTEMA DE DISTRIBUIÇÃO,Cavalete/Hidrômetro
584,250104000712,SAA,2025,4,2025-04-14,SABOEIRO,Urbana,-12.9605618,-38.4481118,Coliformes totais,AUSENTE,SISTEMA DE DISTRIBUIÇÃO,Cavalete/Hidrômetro
585,250104000717,SAA,2025,4,2025-04-14,JARDIM APIPEMA,Urbana,-13.0055148,-38.5180584,Coliformes totais,AUSENTE,SISTEMA DE DISTRIBUIÇÃO,Cavalete/Hidrômetro
586,250104000710,SAA,2025,4,2025-04-14,CABULA,Urbana,-12.9585879,-38.4673789,Coliformes totais,AUSENTE,SISTEMA DE DISTRIBUIÇÃO,Reservatório de distribuição
587,250104000709,SAA,2025,4,2025-04-14,CABULA,Urbana,-12.9585879,-38.4673789,Coliformes totais,AUSENTE,SISTEMA DE DISTRIBUIÇÃO,Reservatório de distribuição
588,250104000725,SAA,2025,4,2025-04-14,FEDERACAO,Urbana,-12.9977651,-38.5130478,Coliformes totais,AUSENTE,SISTEMA DE DISTRIBUIÇÃO,Cavalete/Hidrômetro
589,250104000720,SAA,2025,4,2025-04-14,BARRA,Urbana,-13.0027501,-38.524242,Coliformes totais,AUSENTE,SISTEMA DE DISTRIBUIÇÃO,Cavalete/Hidrômetro
590,250104000715,SAA,2025,4,2025-04-14,ESTRADA DAS BARREIRAS,Urbana,-12.9430904,-38.45712,Coliformes totais,AUSENTE,SISTEMA DE DISTRIBUIÇÃO,Cavalete/Hidrômetro
591,250104000713,SAA,2025,4,2025-04-14,CABULA,Urbana,-12.9584187,-38.4523852,Coliformes totais,AUSENTE,SISTEMA DE DISTRIBUIÇÃO,Cavalete/Hidrômetro
592,250104000672,SAA,2025,4,2025-04-09,BOCA DO RIO,Urbana,-12.9735981,-38.4259731,Coliformes totais,AUSENTE,ESTAÇÃO DE TRATAMENTO DE ÁGUA,Saída de tratamento/pós-desinfecção
